"EICHER_MOTOR_DATE","CLOSE_PRICE","TWENTY_DAY_MA","FIFTY_DAY_MA"
01-JAN-15,15239.15,15239.15,15239.15
02-JAN-15,15065.55,15152.35,15152.35
05-JAN-15,15133.55,15146.0833333333333333333333333333333333,15146.0833333333333333333333333333333333
06-JAN-15,14753.1,15047.8375,15047.8375
07-JAN-15,14945.55,15027.38,15027.38
08-JAN-15,14877.8,15002.45,15002.45
09-JAN-15,14727.1,14963.1142857142857142857142857142857143,14963.1142857142857142857142857142857143
12-JAN-15,14871.85,14951.70625,14951.70625
13-JAN-15,14800.7,14934.9277777777777777777777777777777778,14934.9277777777777777777777777777777778
14-JAN-15,14831.2,14924.555,14924.555
15-JAN-15,15122.6,14942.5590909090909090909090909090909091,14942.5590909090909090909090909090909091
16-JAN-15,15330.5,14974.8875,14974.8875
19-JAN-15,15466.1,15012.6730769230769230769230769230769231,15012.6730769230769230769230769230769231
20-JAN-15,15468.85,15045.2571428571428571428571428571428571,15045.2571428571428571428571428571428571
21-JAN-15,15360.75,15066.29,15066.29
22-JAN-15,15286.35,15080.04375,15080.04375
23-JAN-15,15186.1,15086.2823529411764705882352941176470588,15086.2823529411764705882352941176470588
27-JAN-15,16086.3,15141.8388888888888888888888888888888889,15141.8388888888888888888888888888888889
28-JAN-15,16340.6,15204.9315789473684210526315789473684211,15204.9315789473684210526315789473684211
29-JAN-15,16455.9,15267.48,15267.48
30-JAN-15,16303.5,15320.6975,15316.8142857142857142857142857142857143
02-FEB-15,16589.6,15396.9,15374.6681818181818181818181818181818182
03-FEB-15,16320.1,15456.2275,15415.7739130434782608695652173913043478
04-FEB-15,15927.65,15514.955,15437.1020833333333333333333333333333333
05-FEB-15,15813.75,15558.365,15452.168
06-FEB-15,15584.55,15593.7025,15457.2596153846153846153846153846153846
09-FEB-15,15113.9,15613.0425,15444.5425925925925925925925925925925926
10-FEB-15,15188.45,15628.8725,15435.3964285714285714285714285714285714
11-FEB-15,16134.6,15695.5675,15459.5068965517241379310344827586206897
12-FEB-15,16407.15,15774.365,15491.095
13-FEB-15,16242,15830.335,15515.3177419354838709677419354838709677
16-FEB-15,16109.45,15869.2825,15533.884375
18-FEB-15,16938,15942.8775,15576.4333333333333333333333333333333333
19-FEB-15,16678.4,16003.355,15608.8441176470588235294117647058823529
20-FEB-15,16373,16053.9675,15630.6771428571428571428571428571428571
23-FEB-15,16004.9,16089.895,15641.0722222222222222222222222222222222
24-FEB-15,15813.3,16121.255,15645.727027027027027027027027027027027
25-FEB-15,15612.65,16097.5725,15644.8565789473684210526315789473684211
26-FEB-15,15213.8,16041.2325,15633.8038461538461538461538461538461538
27-FEB-15,15808.05,16008.84,15638.16
28-FEB-15,16226.6,16004.995,15652.5121951219512195121951219512195122
02-MAR-15,16515.85,16001.3075,15673.0678571428571428571428571428571429
03-MAR-15,15891.3,15979.8675,15678.143023255813953488372093023255814
04-MAR-15,16050.15,15985.9925,15686.5977272727272727272727272727272727
05-MAR-15,15996,15995.105,15693.4733333333333333333333333333333333
09-MAR-15,15692.35,16000.495,15693.4489130434782608695652173913043478
10-MAR-15,15963.7,16042.985,15699.1989361702127659574468085106382979
11-MAR-15,16045.85,16085.855,15706.4208333333333333333333333333333333
12-MAR-15,16316.4,16094.945,15718.869387755102040816326530612244898
13-MAR-15,15879.3,16068.5525,15722.078
16-MAR-15,15803.25,16046.615,15733.36
17-MAR-15,15935.7,16037.9275,15750.763
18-MAR-15,16043.45,15993.2,15768.961
19-MAR-15,16079.95,15963.2775,15795.498
20-MAR-15,16002,15944.7275,15816.627
23-MAR-15,15843.2,15936.6425,15835.935
24-MAR-15,15513.65,15921.66,15851.666
25-MAR-15,15551.25,15918.59,15865.254
26-MAR-15,15584.75,15937.1375,15880.935
27-MAR-15,15471.95,15920.3325,15893.75
30-MAR-15,16019.7,15909.9875,15911.692
31-MAR-15,15890.2,15878.705,15922.886
01-APR-15,16028.4,15885.56,15934.132
06-APR-15,15763.7,15871.2375,15940.029
07-APR-15,15950.4,15868.9575,15951.822
08-APR-15,16501,15909.39,15976.115
09-APR-15,16338.65,15928.1375,15999.166
10-APR-15,16206.35,15936.1625,16001.567
13-APR-15,16054.1,15923.0475,15995.837
15-APR-15,15861.8,15922.1725,15983.955
16-APR-15,15837.45,15923.8825,15974.634
17-APR-15,15327.25,15893.46,15949.387
20-APR-15,14762.5,15829.4125,15918.235
21-APR-15,14320.6,15741.445,15886.094
22-APR-15,14377.3,15660.21,15857.365
23-APR-15,14774.35,15606.7675,15841.161
24-APR-15,14710.8,15566.625,15833.099
27-APR-15,14784.95,15528.31,15825.029
28-APR-15,15165.15,15507.33,15805.64
29-APR-15,15228.4,15495.1525,15782.065
30-APR-15,15217.85,15455.06,15761.582
04-MAY-15,15337.55,15427.4275,15746.144
05-MAY-15,15552.05,15403.61,15718.425
06-MAY-15,15064.7,15368.66,15686.151
07-MAY-15,14796.2,15310.95,15654.615
08-MAY-15,15789,15275.35,15650.297
11-MAY-15,16865.3,15301.6825,15671.337
12-MAY-15,17121,15347.415,15701.504
13-MAY-15,18062.7,15447.845,15758.482
14-MAY-15,18190.25,15564.2675,15806.126
15-MAY-15,18707,15707.745,15855.734
18-MAY-15,18618.15,15872.29,15897.78
19-MAY-15,18275.85,16047.9575,15945.471
20-MAY-15,18510.45,16257.45,15994.677
21-MAY-15,18428.3,16460,16043.323
22-MAY-15,18669.8,16654.7725,16102.872
25-MAY-15,19173,16877.8825,16167.058
26-MAY-15,18945.2,17085.895,16225.045
27-MAY-15,18353.85,17245.33,16265.794
28-MAY-15,17972.6,17382.54,16307.66
29-MAY-15,18713.8,17557.3375,16365.871
01-JUN-15,18785.25,17729.7225,16422.862
02-JUN-15,18138.5,17859.045,16464.763
03-JUN-15,18209.75,18016.2975,16507.359
04-JUN-15,17182.35,18135.605,16530.966
05-JUN-15,17390.05,18215.6575,16561.903
08-JUN-15,17283.6,18236.5725,16597.302
09-JUN-15,17099.3,18235.4875,16628.263
10-JUN-15,17612.45,18212.975,16668.817
11-JUN-15,17234.35,18165.18,16704.065
12-JUN-15,17399.45,18099.8025,16731.66
15-JUN-15,18043.7,18071.08,16774.73
16-JUN-15,18462.8,18080.4275,16823.418
17-JUN-15,19297.45,18119.7775,16894.093
18-JUN-15,19482.2,18172.4725,16964.729
19-JUN-15,19471.15,18212.54,17024.132
22-JUN-15,19397.3,18223.755,17085.305
23-JUN-15,19275.75,18240.2825,17146.693
24-JUN-15,19113.6,18278.27,17207.883
25-JUN-15,19505.25,18354.9025,17280.752
26-JUN-15,19526.65,18395.545,17354.536
29-JUN-15,19301.65,18421.365,17434.024
30-JUN-15,19578.15,18493.3475,17530.337
01-JUL-15,20338.1,18599.765,17650.687
02-JUL-15,21238.65,18802.58,17787.914
03-JUL-15,20253.8,18945.7675,17897.503
06-JUL-15,20359.5,19099.5625,18010.477
07-JUL-15,20367.15,19262.955,18122.121
08-JUL-15,20476.7,19406.1675,18228.352
09-JUL-15,20650,19576.95,18336.784
10-JUL-15,20765.8,19745.2675,18447.743
13-JUL-15,21171.05,19901.635,18564.413
14-JUL-15,20761.7,20016.58,18668.606
15-JUL-15,20734.35,20088.425,18781.999
16-JUL-15,21071.3,20167.88,18907.501
17-JUL-15,21084.2,20248.5325,19013.405
20-JUL-15,21269.45,20342.14,19101.488
21-JUL-15,21336.55,20445.18,19185.799
22-JUL-15,21164,20547.7,19247.825
23-JUL-15,20528.85,20598.88,19294.597
24-JUL-15,20097.1,20627.4025,19322.399
27-JUL-15,19343.75,20629.5075,19336.911
28-JUL-15,19481.9,20624.695,19361.032
29-JUL-15,19265.65,20571.0725,19376.136
30-JUL-15,19057.65,20462.0225,19388.723
31-JUL-15,19070.05,20402.835,19396.728
03-AUG-15,19105.2,20340.12,19395.372
04-AUG-15,20158.35,20329.68,19419.635
05-AUG-15,20548,20333.245,19463.518
06-AUG-15,20544.1,20327.95,19514.948
07-AUG-15,20615.85,20320.4525,19552.989
10-AUG-15,20417.15,20282.7575,19585.627
11-AUG-15,20165,20252.9225,19626.157
12-AUG-15,19871.85,20209.7975,19659.399
13-AUG-15,19895.25,20150.995,19713.657
14-AUG-15,20601.4,20126.855,19777.884
17-AUG-15,20671.2,20096.9425,19845.636
18-AUG-15,20950.6,20077.645,19922.662
19-AUG-15,21243.25,20081.6075,19995.278
20-AUG-15,21042.4,20107.285,20071.439
21-AUG-15,20482.05,20126.5325,20133.091
24-AUG-15,18571.75,20087.9325,20143.652
25-AUG-15,18844.35,20056.055,20151.283
26-AUG-15,18581.65,20021.855,20136.967
27-AUG-15,18814.35,20009.69,20123.61
28-AUG-15,18903.1,20001.3425,20112.249
31-AUG-15,18993.35,19995.75,20104.17
01-SEP-15,18258.9,19900.7775,20083.833
02-SEP-15,18342.9,19790.5225,20068.419
03-SEP-15,18365.15,19681.575,20045.617
04-SEP-15,18146.65,19558.115,20018.017
07-SEP-15,17449.95,19409.755,19980.983
08-SEP-15,17257.55,19264.3825,19934.571
09-SEP-15,17939.5,19167.765,19886.599
10-SEP-15,18472.35,19096.62,19831.273
11-SEP-15,18892.2,19011.16,19804.041
14-SEP-15,18813.1,18918.255,19773.113
15-SEP-15,18557.6,18798.605,19736.922
16-SEP-15,17968.35,18634.86,19686.755
18-SEP-15,18215.9,18493.535,19638.073
21-SEP-15,18459.55,18392.41,19591.948
22-SEP-15,18337.9,18380.7175,19535.285
23-SEP-15,18250.35,18351.0175,19485.058
24-SEP-15,17761.8,18310.025,19425.607
28-SEP-15,17298.6,18234.2375,19350.153
29-SEP-15,17468.6,18162.5125,19277.841
30-SEP-15,17791.2,18102.405,19208.276
01-OCT-15,18270.55,18102.9875,19146.956
05-OCT-15,18763.6,18124.0225,19098.948
06-OCT-15,18670.05,18139.2675,19061.772
07-OCT-15,18900.4,18176.955,19037.838
08-OCT-15,18680.8,18238.4975,19024.579
09-OCT-15,18319.75,18291.6075,19001.336
12-OCT-15,17981.1,18293.6875,18975.645
13-OCT-15,17816.25,18260.8825,18950.817
14-OCT-15,18169,18224.7225,18932.796
15-OCT-15,18318.8,18200.0075,18917.068
16-OCT-15,18283.05,18186.28,18879.562
19-OCT-15,18249.4,18200.3325,18833.59
20-OCT-15,18145.85,18196.83,18785.625
21-OCT-15,18199.25,18183.815,18737.293
23-OCT-15,18144.6,18174.15,18691.842
26-OCT-15,17942.7,18158.7675,18647.396
27-OCT-15,17688.25,18155.09,18603.724
28-OCT-15,17385.4,18159.43,18553.527
29-OCT-15,17445.2,18158.26,18490.403
30-OCT-15,17761.9,18156.795,18432.217
02-NOV-15,17971.35,18141.835,18372.632
03-NOV-15,18003.25,18103.8175,18307.832
04-NOV-15,17805.3,18060.58,18243.09
05-NOV-15,17693,18000.21,18187.309
06-NOV-15,16692.75,17900.8075,18149.729
09-NOV-15,15933.4,17781.49,18091.51
10-NOV-15,15876.55,17676.2625,18037.408
11-NOV-15,16049.3,17587.915,17982.107
13-NOV-15,15616.25,17460.2775,17916.37
16-NOV-15,15294.8,17309.0775,17842.399
17-NOV-15,15489.95,17169.4225,17787.02
18-NOV-15,15875.8,17050.7425,17737.678
19-NOV-15,16165.6,16951.73,17693.687
20-NOV-15,16408.95,16862.215,17658.933
23-NOV-15,16757.05,16792.8375,17645.075
24-NOV-15,16649.3,16728.1675,17632.91
26-NOV-15,16514.3,16669.47,17604.406
27-NOV-15,16567.95,16628.5975,17566.318
30-NOV-15,16723.4,16592.5075,17522.942
01-DEC-15,16232.25,16516.025,17471.325
02-DEC-15,16343.75,16434.645,17427.048
03-DEC-15,16644.15,16366.69,17400.564
04-DEC-15,16415.2,16297.185,17364.55
07-DEC-15,16227.75,16223.9225,17319.914
08-DEC-15,16326.05,16205.5875,17279.677
09-DEC-15,15723.85,16195.11,17229.147
10-DEC-15,16032.05,16202.885,17194.552
11-DEC-15,15561.8,16178.51,17159.816
14-DEC-15,15365.2,16165.9575,17117.748
15-DEC-15,15793.65,16190.9,17077.797
16-DEC-15,16048.4,16218.8225,17033.354
17-DEC-15,16235.7,16236.8175,16982.796
18-DEC-15,16175.9,16237.3325,16932.913
21-DEC-15,16030.45,16218.4075,16875.514
22-DEC-15,16084.45,16184.7775,16823.587
23-DEC-15,16195.3,16162.0775,16781.098
24-DEC-15,16184.55,16145.59,16745.167
28-DEC-15,16575.1,16145.9475,16720.344
29-DEC-15,16664.25,16142.99,16690.249
30-DEC-15,16527.35,16157.745,16654.42
31-DEC-15,16855.2,16183.3175,16625.863
01-JAN-16,17365.25,16219.3725,16608.18
04-JAN-16,17506.25,16273.925,16595.388
05-JAN-16,17169.5,16321.0125,16574.793
06-JAN-16,17550.15,16382.2175,16562.904
07-JAN-16,17066.3,16449.34,16545.376
08-JAN-16,17222.85,16508.88,16536.068
11-JAN-16,17257.2,16593.65,16533.504
12-JAN-16,17048.95,16677.8375,16525.579
13-JAN-16,17067.4,16741.525,16511.689
14-JAN-16,16997.9,16789,16492.22
15-JAN-16,16297.8,16792.105,16458.111
18-JAN-16,15453.9,16756.005,16411.083
19-JAN-16,15794,16744.1825,16373.103
20-JAN-16,15551.5,16717.535,16350.278
21-JAN-16,15556,16685.57,16342.73
22-JAN-16,16464.95,16699.59,16354.498
25-JAN-16,16426.1,16692.14,16362.034
27-JAN-16,16211.05,16669.48,16373.93
28-JAN-16,15972.6,16641.7425,16387.486
29-JAN-16,16546.75,16626.32,16408.622
01-FEB-16,17057.05,16610.91,16432.247
02-FEB-16,17197.15,16595.455,16452.878
03-FEB-16,16773.6,16575.66,16460.171
04-FEB-16,16940.65,16545.185,16463.843
05-FEB-16,18128.45,16598.2925,16493.426
08-FEB-16,18374.2,16655.86,16530.624
09-FEB-16,18168.8,16701.44,16562.641
10-FEB-16,17897.9,16743.8875,16586.131
11-FEB-16,17626.95,16771.865,16614.025
12-FEB-16,17993.2,16821.63,16647.014
15-FEB-16,18754.05,16944.4425,16689.212
16-FEB-16,18697.7,17106.6325,16734.862
17-FEB-16,18800.85,17256.975,16786.324
18-FEB-16,18721.5,17415.475,16834.233
19-FEB-16,18625.4,17568.945,16892.264
22-FEB-16,18927.1,17692.0525,16950.165
23-FEB-16,18968.7,17819.1825,17018.303
24-FEB-16,19100.6,17963.66,17093.011
25-FEB-16,18875.65,18108.8125,17154.651
26-FEB-16,18857.3,18224.34,17210.829
29-FEB-16,18894.8,18316.2275,17264.011
01-MAR-16,19183,18415.52,17324.153
02-MAR-16,19274.65,18540.5725,17389.037
03-MAR-16,19323.25,18659.7025,17453.813
04-MAR-16,19245.8,18715.57,17514.823
08-MAR-16,19860.95,18789.9075,17588.351
09-MAR-16,19934.15,18878.175,17655.532
10-MAR-16,19790.05,18972.7825,17718.048
11-MAR-16,19996.85,19091.2775,17787.438
14-MAR-16,19827.6,19182.9975,17846.886
15-MAR-16,19551.85,19222.8875,17890.618
16-MAR-16,18702.65,19223.135,17914.546
17-MAR-16,18017.7,19183.9775,17931.51
18-MAR-16,18403.1,19168.0575,17948.569
21-MAR-16,18372.45,19155.41,17974.692
22-MAR-16,18227.45,19120.4275,17994.784
23-MAR-16,18541.1,19099.0475,18020.462
28-MAR-16,18408.4,19064.4375,18047.651
29-MAR-16,18627.85,19052.0475,18078.86
30-MAR-16,18708.85,19044.625,18113.079
31-MAR-16,19139.85,19056.8775,18169.92
01-APR-16,19238.5,19059.6525,18245.612
04-APR-16,19489.1,19070.375,18319.514
05-APR-16,18746.6,19041.5425,18383.416
06-APR-16,19173.2,19037.9125,18455.76
07-APR-16,18869.65,18988.3475,18503.854
08-APR-16,19178.2,18950.55,18558.896
11-APR-16,19360.9,18929.0925,18621.893
12-APR-16,19528.85,18905.6925,18693.018
13-APR-16,19896.85,18909.155,18760.02
18-APR-16,20252.9,18944.2075,18823.937
20-APR-16,20499.3,19034.04,18889.98
21-APR-16,20312.7,19148.79,18960.762
22-APR-16,20164.65,19236.8675,19025.242
25-APR-16,19939.45,19315.2175,19061.462
26-APR-16,20167.4,19412.215,19097.326
27-APR-16,20127.2,19491.52,19136.494
28-APR-16,20250.8,19583.64,19183.552
29-APR-16,20032.65,19653.88,19231.666
02-MAY-16,19874.75,19712.175,19269.297
03-MAY-16,19969.4,19753.6525,19293.604
04-MAY-16,19746.5,19779.0525,19314.58
05-MAY-16,19687.45,19788.97,19332.312
06-MAY-16,20216.8,19862.48,19362.218
09-MAY-16,20475.45,19927.5925,19399.219
10-MAY-16,20255.9,19996.905,19425.795
11-MAY-16,19981.45,20037.0675,19446.05
12-MAY-16,19749.55,20056.5,19459.029
13-MAY-16,18995.75,20029.845,19461.431
16-MAY-16,19067.15,19988.36,19465.628
17-MAY-16,18611.35,19906.2825,19459.959
18-MAY-16,18720.15,19817.325,19450.702
19-MAY-16,18223.2,19712.85,19429.673
20-MAY-16,18286.95,19618.965,19408.947
23-MAY-16,18257.1,19534.8475,19389.173
24-MAY-16,18175.65,19435.26,19355.467
25-MAY-16,18525.4,19355.17,19327.292
26-MAY-16,18421.1,19263.685,19299.913
27-MAY-16,18751.3,19199.6175,19275.002
30-MAY-16,18720.95,19141.9275,19252.869
31-MAY-16,18524.2,19069.6675,19232.316
01-JUN-16,18692.15,19016.95,19232.106
02-JUN-16,18767.3,18970.9425,19247.098
03-JUN-16,18781.5,18899.1775,19254.666
06-JUN-16,18955.35,18823.1725,19266.324
07-JUN-16,18805.7,18750.6625,19277.889
08-JUN-16,18799.65,18691.5725,19283.06
09-JUN-16,18608.65,18634.5275,19287.065
10-JUN-16,18620.65,18615.7725,19286.921
13-JUN-16,18416.85,18583.2575,19281.081
14-JUN-16,18761.3,18590.755,19273.51
15-JUN-16,18634.65,18586.48,19261.433
16-JUN-16,18783.4,18614.49,19247.319
17-JUN-16,18744.85,18637.385,19247.284
20-JUN-16,18654.95,18657.2775,19236.919
21-JUN-16,18730.5,18685.02,19234.136
22-JUN-16,18771.5,18697.325,19226.002
23-JUN-16,18660.25,18709.2825,19211.989
24-JUN-16,18623.8,18702.9075,19193.888
27-JUN-16,18701.4,18701.93,19169.979
28-JUN-16,19188.5,18735.145,19148.691
29-JUN-16,19110.45,18756.06,19120.914
30-JUN-16,19223.7,18778.88,19099.134
01-JUL-16,19156.55,18797.6325,19078.972
04-JUL-16,19463.6,18823.045,19069.455
05-JUL-16,19419.3,18853.725,19054.493
07-JUL-16,19576.95,18892.59,19043.488
08-JUL-16,19451.8,18934.7475,19027.508
11-JUL-16,19550,18981.215,19017.855
12-JUL-16,19668.6,19043.8025,19013.732
13-JUL-16,19526.3,19082.0525,19004.87
14-JUL-16,19509.5,19125.795,19000.13
15-JUL-16,19774.2,19175.335,19001.865
18-JUL-16,19900.8,19233.1325,18995.545
19-JUL-16,19696,19285.185,18979.956
20-JUL-16,19857.75,19341.5475,18971.993
21-JUL-16,19684.9,19387.2175,18966.062
22-JUL-16,19832.1,19445.81,18967.713
25-JUL-16,19938.35,19511.5375,18986.565
26-JUL-16,20122.2,19582.5775,19007.666
27-JUL-16,20335.35,19639.92,19042.146
28-JUL-16,21075.2,19738.1575,19089.247
29-JUL-16,22465.8,19900.2625,19174.099
01-AUG-16,22297.75,20057.3225,19254.315
02-AUG-16,21839.75,20176.13,19325.968
03-AUG-16,21382.15,20274.2725,19390.098
04-AUG-16,21423.85,20366.6175,19448.067
05-AUG-16,22258.3,20506.9425,19524.811
08-AUG-16,22440.65,20651.475,19598.598
09-AUG-16,22064.3,20771.26,19665.465
10-AUG-16,21724.2,20881.155,19729.465
11-AUG-16,22281.7,21019.765,19801.256
12-AUG-16,22263.3,21144.22,19871.176
16-AUG-16,22450.5,21271.705,19944.556
17-AUG-16,22275.2,21400.665,20010.953
18-AUG-16,22190.05,21517.28,20078.64
19-AUG-16,21759.35,21621.0025,20137.834
22-AUG-16,21798.25,21719.31,20201.626
23-AUG-16,22003.05,21822.545,20269.274
24-AUG-16,22121.8,21922.525,20343.373
25-AUG-16,22116.35,22011.575,20410.474
26-AUG-16,22327.4,22074.185,20484.329
29-AUG-16,22310.6,22066.425,20554.873
30-AUG-16,23043.55,22103.715,20640.847
31-AUG-16,22732.7,22148.3625,20722.402
01-SEP-16,22786.4,22218.575,20803.52
02-SEP-16,22801.35,22287.45,20884.117
06-SEP-16,22971,22323.085,20970.332
07-SEP-16,22973.9,22349.7475,21057.334
08-SEP-16,23349.85,22414.025,21150.303
09-SEP-16,22949.75,22475.3025,21225.528
12-SEP-16,22744.65,22498.45,21298.212
14-SEP-16,22596.2,22515.095,21365.662
15-SEP-16,22491.3,22517.135,21432.357
16-SEP-16,23056.35,22556.1925,21504.212
19-SEP-16,23082.15,22600.7975,21577.469
20-SEP-16,23343.8,22680.02,21652.806
21-SEP-16,24118.75,22796.045,21746.145
22-SEP-16,24777.65,22934.775,21850.698
23-SEP-16,24863.55,23071.8625,21954.597
26-SEP-16,24660.35,23199.0625,22057.278
27-SEP-16,24614.55,23313.42,22159.379
28-SEP-16,25741.8,23484.98,22278.731
29-SEP-16,24859.75,23575.79,22377.91
30-SEP-16,24917.4,23685.025,22482.338
03-OCT-16,25773.15,23834.3625,22600.646
04-OCT-16,25825.45,23985.5675,22723.457
05-OCT-16,26260.65,24150.05,22852.028
06-OCT-16,26217.2,24312.215,22977.605
07-OCT-16,25804.25,24434.935,23091.246
10-OCT-16,25835.1,24579.2025,23201.241
13-OCT-16,25804.85,24732.2125,23295.834
14-OCT-16,25397.05,24872.255,23354.459
17-OCT-16,24645.45,24979.9625,23401.413
18-OCT-16,25083.4,25081.315,23466.286
19-OCT-16,25007.25,25177.57,23538.788
20-OCT-16,24965.95,25258.6775,23609.63
21-OCT-16,25109.4,25308.21,23666.652
24-OCT-16,24893.85,25314.02,23715.716
25-OCT-16,24663,25303.9925,23767.69
26-OCT-16,24431.3,25292.54,23821.832
27-OCT-16,24531.6,25288.3925,23866.83
28-OCT-16,24025.65,25202.585,23902.077
30-OCT-16,24021.8,25160.6875,23933.503
01-NOV-16,25309.3,25180.2825,23994.185
02-NOV-16,24799.9,25131.62,24046.382
03-NOV-16,24568.2,25068.7575,24102.559
04-NOV-16,23951.95,24953.3225,24145.633
07-NOV-16,24034.85,24844.205,24186.269
08-NOV-16,24237.05,24765.845,24228.574
09-NOV-16,23409.15,24644.5475,24254.43
10-NOV-16,23070.35,24507.8225,24269.289
11-NOV-16,21745.4,24325.24,24257.985
15-NOV-16,20284.35,24107.185,24202.801
16-NOV-16,21093.65,23907.6975,24170.02
17-NOV-16,21026.95,23708.6825,24134.831
18-NOV-16,21805.2,23550.645,24114.908
21-NOV-16,20357.95,23313.0725,24062.647
22-NOV-16,20656.35,23101.1975,24016.296
23-NOV-16,20910.55,22913.575,23967.51
24-NOV-16,20353.25,22709.6725,23915.58
25-NOV-16,20144.5,22490.3175,23863.577
28-NOV-16,20226.4,22300.355,23816.181
29-NOV-16,21343.4,22166.435,23793.223
30-NOV-16,21675.4,21984.74,23765.604
01-DEC-16,22179.15,21853.7025,23747.544
02-DEC-16,22699.05,21760.245,23734.649
05-DEC-16,22741.9,21699.7425,23707.112
06-DEC-16,22463.1,21621.155,23660.821
07-DEC-16,23316.2,21575.1125,23629.874
08-DEC-16,23257.2,21567.515,23601.811
09-DEC-16,22849,21556.4475,23566.5
12-DEC-16,22215.15,21579.935,23495.967
13-DEC-16,22286.7,21680.0525,23444.506
14-DEC-16,21806.1,21715.675,23382.28
15-DEC-16,21495.75,21739.115,23296.732
16-DEC-16,21757.45,21736.7275,23215.372
19-DEC-16,21543.7,21796.015,23121.033
20-DEC-16,21160.3,21821.2125,23019.895
21-DEC-16,21328.55,21842.1125,22930.381
22-DEC-16,21301.4,21889.52,22839.707
23-DEC-16,20919.55,21928.2725,22742.001
26-DEC-16,20275.5,21930.7275,22639.57
27-DEC-16,20565.1,21891.8125,22557.963
28-DEC-16,20885.25,21852.305,22474
29-DEC-16,21477.85,21817.24,22403.412
30-DEC-16,21812.1,21772.8925,22340.335
02-JAN-17,22510.6,21761.3275,22288.359
03-JAN-17,22497.55,21763.05,22240.433
04-JAN-17,22177.8,21706.13,22190.729
05-JAN-17,22324.75,21659.5075,22148.598
06-JAN-17,22714.6,21652.7875,22112.258
09-JAN-17,22979.15,21690.9875,22091.328
10-JAN-17,22986.3,21725.9675,22070.618
11-JAN-17,23174,21794.3625,22027.912
12-JAN-17,22816,21860.375,21988.234
13-JAN-17,22773.1,21911.1575,21952.332
16-JAN-17,22327.25,21950.335,21919.838
17-JAN-17,22285.4,22006.59,21884.849
18-JAN-17,22441.8,22062.2525,21848.944
19-JAN-17,22845.15,22139.44,21837.664
20-JAN-17,22744.4,22230.6825,21831.145
23-JAN-17,22727.95,22353.305,21850.796
24-JAN-17,23006.9,22475.395,21905.247
25-JAN-17,23011.85,22581.725,21943.611
27-JAN-17,23465.6,22681.1125,21992.384
30-JAN-17,23301.45,22755.58,22022.309
31-JAN-17,23037.45,22781.9225,22075.899
01-FEB-17,24007.95,22857.4425,22142.931
02-FEB-17,23757.05,22936.405,22199.861
03-FEB-17,23382.65,22989.3,22260.449
06-FEB-17,23745.5,23040.845,22332.469
07-FEB-17,23717.9,23077.7825,22402.299
08-FEB-17,23867.9,23121.8625,22452.789
09-FEB-17,23857,23156.0125,22496.421
10-FEB-17,23982.85,23214.355,22532.495
13-FEB-17,24779,23314.65,22574.094
14-FEB-17,25320,23464.2875,22625.656
15-FEB-17,24718.8,23585.9575,22670.77
16-FEB-17,25262.9,23727.0125,22709.704
17-FEB-17,25040.85,23836.7975,22745.377
20-FEB-17,25116.5,23955.4025,22790.727
21-FEB-17,25234.45,24080.7275,22851.113
22-FEB-17,25032.7,24182.0175,22906.033
23-FEB-17,24889.6,24275.905,22967.703
27-FEB-17,24333.65,24319.3075,23024.461
28-FEB-17,24169.05,24362.6875,23072.693
01-MAR-17,23712,24396.415,23116.059
02-MAR-17,23449.2,24368.4775,23161.837
03-MAR-17,23080.75,24334.6625,23196.881
06-MAR-17,23076.2,24319.34,23232.377
07-MAR-17,23217.8,24292.955,23278.342
08-MAR-17,23475.45,24280.8325,23342.341
09-MAR-17,23404.4,24257.6575,23399.127
10-MAR-17,23393.25,24234.47,23449.287
14-MAR-17,23963.25,24233.49,23498.995
15-MAR-17,24099,24199.49,23544.733
16-MAR-17,24514.5,24159.215,23584.811
17-MAR-17,24601.75,24153.3625,23626.895
20-MAR-17,25033,24141.8675,23683.999
21-MAR-17,24902.05,24134.9275,23735.545
22-MAR-17,24541.7,24106.1875,23772.087
23-MAR-17,24361.6,24062.545,23799.736
24-MAR-17,24365.95,24029.2075,23827.329
27-MAR-17,24168,23993.1275,23847.209
28-MAR-17,24936.8,24023.285,23889.625
29-MAR-17,25056.25,24067.645,23935.288
30-MAR-17,25638.15,24163.9525,24001.506
31-MAR-17,25554.15,24269.2,24066.881
03-APR-17,25493.45,24389.835,24127.914
05-APR-17,25676.5,24519.85,24184.541
06-APR-17,25552.2,24636.57,24240.697
07-APR-17,25778.3,24751.7125,24301.704
10-APR-17,25564.55,24859.72,24352.857
11-APR-17,25819.2,24981.0175,24409.004
12-APR-17,26357.7,25100.74,24466.846
13-APR-17,26104.6,25201.02,24522.909
17-APR-17,26107.9,25280.69,24584.318
18-APR-17,25566.2,25328.9125,24615.483
19-APR-17,25430.45,25348.785,24648.951
20-APR-17,25502.1,25378.7875,24691.34
21-APR-17,25551.25,25429.265,24727.455
24-APR-17,26091.15,25515.7425,24774.92
25-APR-17,26089.65,25601.9275,24819.355
26-APR-17,26027.4,25694.8975,24862.763
27-APR-17,25974.8,25746.7975,24902.602
28-APR-17,26022.25,25795.0975,24927.467
02-MAY-17,25767.25,25801.5525,24936.412
03-MAY-17,25900.05,25818.8475,24960.037
04-MAY-17,25764.6,25832.405,24970.071
05-MAY-17,25837.45,25840.4525,24986.003
08-MAY-17,26910.3,25908.3575,25021.879
09-MAY-17,27113.05,25975.095,25059.451
10-MAY-17,27851.75,26089.455,25115.832
11-MAY-17,29402.1,26268.6,25206.082
12-MAY-17,29169.6,26409.195,25302.801
15-MAY-17,28937.05,26550.8175,25398.161
16-MAY-17,29307.45,26710.795,25510.07
17-MAY-17,29116.15,26888.2925,25623.409
18-MAY-17,28349.2,27034.23,25728.778
19-MAY-17,27903.55,27154.3025,25825.325
22-MAY-17,27223.65,27237.9225,25905.442
23-MAY-17,27589.35,27312.8325,25987.72
24-MAY-17,27411.8,27378.94,26067.868
25-MAY-17,27954.05,27475.2725,26159.084
26-MAY-17,28348.45,27593.955,26246.788
29-MAY-17,28177.7,27701.7275,26328.362
30-MAY-17,28336.25,27830.1775,26404.797
31-MAY-17,28431.15,27956.7325,26481.385
01-JUN-17,28756.1,28106.3075,26555.847
02-JUN-17,29179.95,28273.4325,26641.405
05-JUN-17,29323.8,28394.1075,26737.047
06-JUN-17,29224.6,28499.685,26834.307
07-JUN-17,29621.05,28588.15,26939.409
08-JUN-17,29613.8,28598.735,27048.325
09-JUN-17,29748.5,28627.68,27144.559
12-JUN-17,29311.7,28646.4125,27229.668
13-JUN-17,29179.75,28640.0275,27300.5
14-JUN-17,29024.1,28635.425,27369.899
15-JUN-17,28804.5,28658.19,27436.12
16-JUN-17,28722.65,28699.145,27497.043
19-JUN-17,28465,28761.2125,27555.299
20-JUN-17,27878.35,28775.6625,27597.3
21-JUN-17,27561.95,28783.17,27637.248
22-JUN-17,27652.85,28768.11,27673.921
23-JUN-17,27172.4,28709.3075,27690.215
27-JUN-17,26669,28633.8725,27701.503
28-JUN-17,27227.6,28578.44,27723.897
29-JUN-17,27436.2,28528.6925,27761.297
30-JUN-17,27013.7,28441.5725,27792.962
03-JUL-17,27752.1,28370.18,27837.962
04-JUL-17,27841.95,28296.0875,27883.776
05-JUL-17,28048.2,28237.2675,27922.917
06-JUL-17,27701.55,28141.2925,27955.155
07-JUL-17,27856.6,28053.4325,27991.739
10-JUL-17,27928.75,27962.445,28030.818
11-JUL-17,28125.1,27903.115,28072.875
12-JUL-17,28248.05,27856.53,28122.491
13-JUL-17,28053.5,27808,28165.56
14-JUL-17,27894.3,27762.49,28208.154
17-JUL-17,28050.95,27728.905,28252.424
18-JUL-17,28568.1,27734.06,28285.58
19-JUL-17,29181,27799.1925,28326.939
20-JUL-17,29200.6,27881.125,28353.916
21-JUL-17,28858.25,27941.395,28343.039
24-JUL-17,28843.1,28024.93,28336.509
25-JUL-17,28376.6,28110.31,28325.3
26-JUL-17,28959.25,28196.8925,28318.336
27-JUL-17,29061.65,28278.165,28317.246
28-JUL-17,29332.55,28394.1075,28336.913
31-JUL-17,30040.6,28508.5325,28379.654
01-AUG-17,31437.05,28688.2875,28463.922
02-AUG-17,31172.65,28844.51,28535.588
03-AUG-17,30703.3,28994.5975,28601.418
04-AUG-17,31590.75,29181.305,28674.152
07-AUG-17,32007.65,29385.25,28747.336
08-AUG-17,32135.6,29585.775,28826.494
09-AUG-17,31520.55,29749.4,28890.18
10-AUG-17,30192.75,29856.3625,28925.412
11-AUG-17,29615.8,29942.4375,28942.606
14-AUG-17,30401.95,30059.9875,28967.046
16-AUG-17,30589.9,30161.0775,28992.368
17-AUG-17,30847.65,30244.41,29024.829
18-AUG-17,31454.2,30357.09,29061.492
21-AUG-17,31523.4,30490.3475,29099.684
22-AUG-17,30997.8,30598.0825,29124.67
23-AUG-17,30651.65,30711.835,29151.469
24-AUG-17,30806.75,30804.21,29184.009
28-AUG-17,31277,30914.9775,29229.067
29-AUG-17,30846.45,30990.6725,29269.906
30-AUG-17,30973.7,31037.3275,29314.927
31-AUG-17,31404.25,31035.6875,29373.712
01-SEP-17,31713.8,31062.745,29450.421
04-SEP-17,31685.15,31111.8375,29532.885
05-SEP-17,31883.8,31126.49,29617.504
06-SEP-17,32040.9,31128.1525,29714.874
07-SEP-17,32786.4,31160.6925,29837.222
08-SEP-17,32628.7,31216.1,29945.244
11-SEP-17,32466.75,31329.8,30045.855
12-SEP-17,32582.3,31478.125,30157.227
13-SEP-17,32210.9,31568.5725,30246.403
14-SEP-17,32059.4,31642.0475,30330.752
15-SEP-17,31956.2,31697.475,30408.912
18-SEP-17,32763.85,31762.9575,30510.158
19-SEP-17,32354.85,31804.53,30600.123
20-SEP-17,32388,31874.04,30689.308
21-SEP-17,31832,31933.0575,30763.446
22-SEP-17,31522.8,31968.86,30828.941
25-SEP-17,30970.45,31953.5325,30887.28
26-SEP-17,30823.85,31952.4025,30945.871
27-SEP-17,30466.7,31927.0525,30994.186
28-SEP-17,30168.45,31865.2625,31026.193
29-SEP-17,31179.95,31838.57,31066.172
03-OCT-17,31157.75,31812.2,31105.315
04-OCT-17,30903.4,31763.18,31146.218
05-OCT-17,30787.55,31700.5125,31185.107
06-OCT-17,31538.2,31638.1025,31248.339
09-OCT-17,31794.85,31596.41,31305.051
10-OCT-17,31605.65,31553.355,31355.931
11-OCT-17,31251.15,31486.7975,31394.303
12-OCT-17,31285.35,31440.52,31419.198
13-OCT-17,31368.2,31405.96,31417.821
16-OCT-17,31736.2,31394.96,31429.092
17-OCT-17,31829.25,31348.23,31451.611
18-OCT-17,31477.5,31304.3625,31449.346
19-OCT-17,31486.3,31259.2775,31438.919
23-OCT-17,31140.85,31224.72,31419.024
24-OCT-17,31466.1,31221.885,31417.935
25-OCT-17,31696.45,31258.185,31448.009
26-OCT-17,31494.7,31291.7275,31485.587
27-OCT-17,31782.85,31357.535,31513.205
30-OCT-17,32360.75,31467.15,31548.622
31-OCT-17,32287.5,31522.5275,31577.419
01-NOV-17,30929.75,31511.1275,31566.93
02-NOV-17,31151.5,31523.5325,31559.492
03-NOV-17,31168.85,31542.5975,31562.913
06-NOV-17,31097.85,31520.58,31571.837
07-NOV-17,31146.6,31488.1675,31578.634
08-NOV-17,31120.55,31463.9125,31575.505
09-NOV-17,30819.75,31442.3425,31574.971
10-NOV-17,30478.65,31402.0075,31565.07
13-NOV-17,30561.85,31361.69,31548.222
14-NOV-17,30083.2,31279.04,31515.61
15-NOV-17,30476.15,31211.385,31491.43
16-NOV-17,30483.95,31161.7075,31463.433
17-NOV-17,30637.6,31119.2725,31435.367
20-NOV-17,30650.25,31094.7425,31392.644
21-NOV-17,30397.25,31041.3,31348.015
22-NOV-17,30198.05,30966.38,31302.641
23-NOV-17,30635.95,30923.4425,31263.714
24-NOV-17,30808.2,30874.71,31235.66
27-NOV-17,30831.35,30798.24,31211.099
28-NOV-17,30512.05,30709.4675,31182.216
29-NOV-17,30234.8,30674.72,31131.635
30-NOV-17,29981.05,30616.1975,31084.159
01-DEC-17,29302.5,30522.88,31022.449
04-DEC-17,29399.1,30437.9425,30973.791
05-DEC-17,28920.05,30326.615,30921.736
06-DEC-17,28204.75,30180.825,30866.422
07-DEC-17,28857.05,30082.69,30827.086
08-DEC-17,29005.05,30009.01,30797.853
11-DEC-17,29242.8,29943.0575,30779.34
12-DEC-17,28610.1,29869.4025,30727.943
13-DEC-17,28689.5,29780.07,30678.578
14-DEC-17,28702.95,29691.02,30634.569
15-DEC-17,29503.35,29634.3075,30608.885
18-DEC-17,29909.5,29597.27,30576.311
19-DEC-17,30794.95,29617.155,30556.313
20-DEC-17,30254.75,29619.99,30529.295
21-DEC-17,30221.4,29599.2625,30508.7
22-DEC-17,30247.85,29571.245,30487.95
26-DEC-17,30121,29535.7275,30463.006
27-DEC-17,30164,29518.325,30431.562
28-DEC-17,29951.75,29504.1725,30394.012
29-DEC-17,30290.55,29519.6475,30370.273
01-JAN-18,29901.3,29549.5875,30338.573
02-JAN-18,28697.45,29514.505,30289.705
03-JAN-18,28794.6,29508.2325,30236.275
04-JAN-18,28574.7,29526.73,30173.84
05-JAN-18,29250.85,29546.42,30128.963
08-JAN-18,29131.3,29552.7325,30075.932
09-JAN-18,28594,29520.2925,30000.597
10-JAN-18,28100.25,29494.8,29916.852
11-JAN-18,28382.95,29479.4725,29865.916
12-JAN-18,28514.4,29470.045,29813.174
15-JAN-18,27991.15,29394.435,29749.62
16-JAN-18,27906.55,29294.2875,29685.794
17-JAN-18,28193.9,29164.235,29626.74
18-JAN-18,27926.35,29047.815,29562.856
19-JAN-18,27987.45,28936.1175,29506.21
22-JAN-18,27652,28806.325,29449.677
23-JAN-18,27112.9,28655.92,29380.698
24-JAN-18,26400.85,28467.7625,29307.051
25-JAN-18,26524.95,28296.4225,29228.027
29-JAN-18,27463.45,28155.0675,29167.617
30-JAN-18,26653.1,27992.6575,29087.927
31-JAN-18,26948.9,27905.23,29013.9
01-FEB-18,27995.35,27865.2675,28965.862
02-FEB-18,27738.8,27823.4725,28916.677
05-FEB-18,27575.95,27739.7275,28855.477
06-FEB-18,27567.95,27661.56,28790.672
07-FEB-18,27997.6,27631.74,28733.997
08-FEB-18,28116.75,27632.565,28686.091
09-FEB-18,27743.1,27600.5725,28636.257
12-FEB-18,27873.65,27568.535,28594.109
14-FEB-18,28020.75,27570.015,28568.474
15-FEB-18,28322.4,27590.8075,28546.94
16-FEB-18,27350.1,27548.6175,28515.541
19-FEB-18,27083.1,27506.455,28493.108
20-FEB-18,26924.6,27453.3125,28454.459
21-FEB-18,27379.35,27439.68,28421.945
22-FEB-18,26805.45,27424.3075,28373.198
23-FEB-18,26717.35,27440.1325,28335.343
26-FEB-18,27181.05,27472.9375,28305.174
27-FEB-18,27141.65,27456.8475,28273.948
28-FEB-18,27421.45,27495.265,28232.31
01-MAR-18,27734.85,27534.5625,28188.817
05-MAR-18,27563.3,27512.96,28124.184
06-MAR-18,27421.1,27497.075,28067.511
07-MAR-18,27450.15,27490.785,28012.086
08-MAR-18,27702.3,27497.5025,27961.175
09-MAR-18,27875,27491.3725,27916.255
12-MAR-18,28323.3,27501.7,27879.441
13-MAR-18,28794.7,27554.28,27856.3
14-MAR-18,28796.15,27600.405,27826.412
15-MAR-18,28655.35,27632.135,27801.493
16-MAR-18,28048,27618.415,27788.504
19-MAR-18,27421.25,27621.9725,27761.037
20-MAR-18,28286.4,27682.1375,27755.271
21-MAR-18,27954.5,27733.6325,27729.344
22-MAR-18,28008.6,27765.095,27706.89
23-MAR-18,27919.3,27820.7875,27693.396
26-MAR-18,27840.85,27876.9625,27688.208
27-MAR-18,28412.6,27938.54,27688.801
28-MAR-18,28336.95,27998.305,27685.252
02-APR-18,28301.4,28042.3025,27691.457
03-APR-18,28051.95,28058.1575,27694.365
04-APR-18,28944.4,28127.2125,27709.375
05-APR-18,29667,28239.5075,27744.188
06-APR-18,29793.85,28356.6925,27780.316
09-APR-18,29849.3,28464.0425,27824.262
10-APR-18,29980.75,28569.33,27881.619
11-APR-18,30689.4,28687.635,27967.39
12-APR-18,30671.8,28781.49,28050.327
13-APR-18,31341.55,28908.76,28127.889
16-APR-18,31300.1,29040.9975,28220.829
17-APR-18,31039.9,29190.5925,28302.649
18-APR-18,30870.35,29363.0475,28360.149
19-APR-18,30902.65,29493.86,28423.426
20-APR-18,31155,29653.885,28495.007
23-APR-18,30934.2,29800.165,28562.332
24-APR-18,31149.45,29961.6725,28625.369
25-APR-18,30739.3,30106.595,28677.82
26-APR-18,31188.1,30245.37,28746.72
27-APR-18,31557.55,30406.4,28820.398
30-APR-18,31214.95,30552.0775,28884.282
02-MAY-18,30479,30673.43,28927.414
03-MAY-18,29905.1,30721.465,28978.514
04-MAY-18,29217.3,30698.98,29021.198
07-MAY-18,29806.3,30699.6025,29078.832
08-MAY-18,30435.25,30728.9,29139.95
09-MAY-18,30305.45,30745.135,29209.95
10-MAY-18,30688.6,30745.095,29289.375
11-MAY-18,30861.15,30754.5625,29362.977
14-MAY-18,30471.95,30711.0825,29429.583
15-MAY-18,30742.8,30683.2175,29496.01
16-MAY-18,30549.95,30658.72,29552.312
17-MAY-18,30494.8,30639.9425,29610.942
18-MAY-18,30131.25,30601.3725,29665.145
21-MAY-18,29444.65,30515.855,29705.035
22-MAY-18,29918,30465.045,29749.349
23-MAY-18,29399.25,30377.535,29779.834
24-MAY-18,29483.35,30314.7375,29803.035
25-MAY-18,30103.3,30260.4975,29829.207
28-MAY-18,30636.75,30214.4575,29866.019
29-MAY-18,30492.95,30178.3575,29902.771
30-MAY-18,30239.35,30166.375,29946.598
31-MAY-18,30647.25,30203.4825,30011.118
01-JUN-18,29788.8,30232.0575,30041.166
04-JUN-18,29382.2,30210.8525,30069.72
05-JUN-18,29261.65,30152.1725,30094.781
06-JUN-18,29895.5,30131.675,30134.305
07-JUN-18,29667.2,30080.605,30170.832
08-JUN-18,29560.35,30015.565,30193.787
11-JUN-18,29639.85,29973.96,30219.845
12-JUN-18,29225.2,29898.08,30238.321
13-JUN-18,29382.8,29839.7225,30264.938
14-JUN-18,29531.55,29791.56,30276.681
15-JUN-18,29506.4,29760.3175,30273.469
18-JUN-18,30125.05,29794.3375,30280.093
19-JUN-18,29962.3,29796.5525,30282.353
20-JUN-18,29764.05,29814.7925,30278.019
21-JUN-18,29492.5,29815.25,30254.081
22-JUN-18,29154.65,29767.8175,30223.738
25-JUN-18,29436.1,29707.785,30185.629
26-JUN-18,29090.05,29637.64,30141.428
27-JUN-18,28371.3,29544.2375,30088.056
28-JUN-18,28373.55,29430.5525,30038.12
29-JUN-18,28560.8,29369.1525,29991.283
02-JUL-18,28200.5,29310.0675,29932.193
03-JUL-18,28102.7,29252.12,29875.563
04-JUL-18,28256.75,29170.1825,29817.709
05-JUL-18,27962.1,29084.9275,29762.165
06-JUL-18,27586,28986.21,29690.123
09-JUL-18,27686.6,28888.5475,29612.704
10-JUL-18,28280.7,28841.3225,29554.019
11-JUL-18,28178.25,28781.095,29508.004
12-JUL-18,28020.35,28705.535,29470.309
13-JUL-18,27601.3,28610.28,29437.989
16-JUL-18,27392.55,28473.655,29389.714
17-JUL-18,27215.95,28336.3375,29325.328
18-JUL-18,27262.5,28211.26,29264.469
19-JUL-18,26982,28085.735,29190.337
20-JUL-18,27052.4,27980.6225,29114.162
23-JUL-18,26999.55,27858.795,29044.714
24-JUL-18,27700.8,27789.3325,28983.874
25-JUL-18,27346.2,27738.0775,28919.799
26-JUL-18,28266.7,27732.735,28875.237
27-JUL-18,28963.8,27752.885,28851.888
30-JUL-18,28570.35,27771.3775,28834.402
31-JUL-18,27820.95,27757.29,28792.461
