"BAJAJ_AUTO_DATE","CLOSE_PRICE","TWENTY_DAY_MA","FIFTY_DAY_MA"
01-JAN-15,2454.1,2454.1,2454.1
02-JAN-15,2453.5,2453.8,2453.8
05-JAN-15,2460.15,2455.916666666666666666666666666666666667,2455.916666666666666666666666666666666667
06-JAN-15,2440.35,2452.025,2452.025
07-JAN-15,2447.2,2451.06,2451.06
08-JAN-15,2450.05,2450.891666666666666666666666666666666667,2450.891666666666666666666666666666666667
09-JAN-15,2381.5,2440.978571428571428571428571428571428571,2440.978571428571428571428571428571428571
12-JAN-15,2333.25,2427.5125,2427.5125
13-JAN-15,2326.25,2416.261111111111111111111111111111111111,2416.261111111111111111111111111111111111
14-JAN-15,2363.65,2411,2411
15-JAN-15,2417.95,2411.631818181818181818181818181818181818,2411.631818181818181818181818181818181818
16-JAN-15,2420.05,2412.333333333333333333333333333333333333,2412.333333333333333333333333333333333333
19-JAN-15,2411.3,2412.253846153846153846153846153846153846,2412.253846153846153846153846153846153846
20-JAN-15,2411.05,2412.167857142857142857142857142857142857,2412.167857142857142857142857142857142857
21-JAN-15,2442,2414.156666666666666666666666666666666667,2414.156666666666666666666666666666666667
22-JAN-15,2438.9,2415.703125,2415.703125
23-JAN-15,2442.2,2417.261764705882352941176470588235294118,2417.261764705882352941176470588235294118
27-JAN-15,2417.55,2417.277777777777777777777777777777777778,2417.277777777777777777777777777777777778
28-JAN-15,2396.9,2416.205263157894736842105263157894736842,2416.205263157894736842105263157894736842
29-JAN-15,2402.7,2415.53,2415.53
30-JAN-15,2389.35,2412.2925,2414.283333333333333333333333333333333333
02-FEB-15,2347.8,2407.0075,2411.261363636363636363636363636363636364
03-FEB-15,2260.1,2397.005,2404.689130434782608695652173913043478261
04-FEB-15,2247.55,2387.365,2398.141666666666666666666666666666666667
05-FEB-15,2243.05,2377.1575,2391.938
06-FEB-15,2228.25,2366.0675,2385.642307692307692307692307692307692308
09-FEB-15,2267.55,2360.37,2381.268518518518518518518518518518518519
10-FEB-15,2266.5,2357.0325,2377.169642857142857142857142857142857143
11-FEB-15,2291.95,2355.3175,2374.231034482758620689655172413793103448
12-FEB-15,2260.65,2350.1675,2370.445
13-FEB-15,2261.75,2342.3575,2366.93870967741935483870967741935483871
16-FEB-15,2261.7,2334.44,2363.65
18-FEB-15,2240.65,2325.9075,2359.922727272727272727272727272727272727
19-FEB-15,2223.4,2316.525,2355.907352941176470588235294117647058824
20-FEB-15,2209.3,2304.89,2351.718571428571428571428571428571428571
23-FEB-15,2184.75,2292.1825,2347.080555555555555555555555555555555556
24-FEB-15,2191.95,2279.67,2342.887837837837837837837837837837837838
25-FEB-15,2180.8,2267.8325,2338.622368421052631578947368421052631579
26-FEB-15,2134.95,2254.735,2333.4
27-FEB-15,2150.45,2242.1225,2328.82625
28-FEB-15,2161.8,2230.745,2324.752439024390243902439024390243902439
02-MAR-15,2074.75,2217.0925,2318.8
03-MAR-15,2116.15,2209.895,2314.087209302325581395348837209302325581
04-MAR-15,2122.1,2203.6225,2309.723863636363636363636363636363636364
05-MAR-15,2120.35,2197.4875,2305.515555555555555555555555555555555556
09-MAR-15,2113.1,2191.73,2301.332608695652173913043478260869565217
10-MAR-15,2128.95,2184.8,2297.664893617021276595744680851063829787
11-MAR-15,2099,2176.425,2293.526041666666666666666666666666666667
12-MAR-15,2077.85,2165.72,2289.124489795918367346938775510204081633
13-MAR-15,2022.9,2153.8325,2283.8
16-MAR-15,2030.25,2142.2575,2275.323
17-MAR-15,2045.65,2131.455,2267.166
18-MAR-15,2034.55,2121.15,2258.654
19-MAR-15,2024.4,2111.2,2250.335
20-MAR-15,2021.35,2101.8025,2241.818
23-MAR-15,2032.75,2094.2025,2233.472
24-MAR-15,2027.9,2086,2226.4
25-MAR-15,2017.85,2077.8525,2220.092
26-MAR-15,2001.75,2071.1925,2213.602
27-MAR-15,2017.15,2064.5275,2206.672
30-MAR-15,2023.75,2057.625,2198.788
31-MAR-15,2017.35,2054.755,2190.734
01-APR-15,2018.65,2049.88,2182.881
06-APR-15,2031.35,2045.3425,2175.287
07-APR-15,2093,2043.975,2168.307
08-APR-15,2104.75,2043.5575,2161.624
09-APR-15,2097.25,2041.9725,2154.725
10-APR-15,2100.6,2042.0525,2148.386
13-APR-15,2100.45,2043.1825,2142.457
15-APR-15,2077.8,2045.9275,2135.959
16-APR-15,2086.7,2048.75,2129.906
17-APR-15,2065.7,2049.7525,2124.264
20-APR-15,2018.5,2048.95,2119.432
21-APR-15,1992.95,2047.3775,2114.34
22-APR-15,1988.5,2045.735,2109.249
23-APR-15,1991.4,2043.6675,2104.512
24-APR-15,1996.85,2042.115,2099.098
27-APR-15,1990.55,2040.75,2093.579
28-APR-15,1990.55,2040.19,2087.551
29-APR-15,1978.1,2038.2375,2081.9
30-APR-15,1949.4,2034.52,2075.653
04-MAY-15,2093.7,2038.3375,2072.293
05-MAY-15,2063.35,2040.5725,2068.747
06-MAY-15,2020.25,2040.0175,2064.684
07-MAY-15,2067,2038.7175,2061.838
08-MAY-15,2129.35,2039.9475,2060.73
11-MAY-15,2182.1,2044.19,2060.533
12-MAY-15,2128.95,2045.6075,2059.496
13-MAY-15,2125.2,2046.845,2059.301
14-MAY-15,2165,2051.205,2059.592
15-MAY-15,2181.85,2055.9625,2059.993
18-MAY-15,2221.95,2063.775,2062.937
19-MAY-15,2199.25,2072.8125,2064.599
20-MAY-15,2150.5,2080.69,2065.167
21-MAY-15,2299.75,2096.2525,2068.755
22-MAY-15,2310.5,2112.2075,2072.703
25-MAY-15,2301.85,2127.4575,2076.161
26-MAY-15,2315.5,2143.705,2080.491
27-MAY-15,2306.4,2159.4975,2085.062
28-MAY-15,2302.65,2175.725,2090.657
29-MAY-15,2315,2194.005,2096.352
01-JUN-15,2336.3,2206.135,2102.165
02-JUN-15,2269.1,2216.4225,2106.856
03-JUN-15,2240.8,2227.45,2111.184
04-JUN-15,2216.2,2234.91,2115.081
05-JUN-15,2199.35,2238.41,2118.413
08-JUN-15,2221.3,2240.37,2122.281
09-JUN-15,2185.85,2243.215,2125.641
10-JUN-15,2253.1,2249.61,2130.668
11-JUN-15,2207.55,2251.7375,2134.476
12-JUN-15,2285.55,2256.9225,2139.712
15-JUN-15,2334.3,2262.54,2146.051
16-JUN-15,2391.35,2272.145,2153.505
17-JUN-15,2368.05,2283.0225,2160.239
18-JUN-15,2397.35,2287.9025,2166.326
19-JUN-15,2405.6,2292.6575,2172.343
22-JUN-15,2425.4,2298.835,2178.906
23-JUN-15,2412.45,2303.6825,2185.143
24-JUN-15,2395,2308.1125,2191.034
25-JUN-15,2506.25,2318.2925,2199.603
26-JUN-15,2540.15,2329.55,2208.672
29-JUN-15,2550.6,2340.265,2218.37
30-JUN-15,2535.65,2353.5925,2228.713
01-JUL-15,2523.6,2367.7325,2239.326
02-JUL-15,2565.8,2385.2125,2250.872
03-JUL-15,2586.15,2404.5525,2262.767
06-JUL-15,2595.35,2423.255,2274.737
07-JUL-15,2606.25,2444.275,2287.051
08-JUL-15,2573.9,2460.315,2298.718
09-JUL-15,2513.95,2475.635,2309.435
10-JUL-15,2470.9,2484.9025,2319.865
13-JUL-15,2497.45,2493.06,2327.94
14-JUL-15,2499.05,2498.445,2336.654
15-JUL-15,2532.45,2506.665,2346.898
16-JUL-15,2544.25,2514.01,2356.443
17-JUL-15,2527.25,2520.0925,2364.401
20-JUL-15,2519.55,2524.8,2371.15
21-JUL-15,2544.6,2531.4075,2379.463
22-JUL-15,2619.1,2542.6125,2389.341
23-JUL-15,2487.75,2541.6875,2395.796
24-JUL-15,2497.45,2539.5525,2402.108
27-JUL-15,2507.7,2537.4075,2407.823
28-JUL-15,2476.05,2534.4275,2413.359
29-JUL-15,2495.15,2533.005,2420.252
30-JUL-15,2523.8,2530.905,2424.733
31-JUL-15,2519.15,2527.555,2428.906
03-AUG-15,2504.4,2523.0075,2432.957
04-AUG-15,2510.55,2518.2225,2436.858
05-AUG-15,2569.7,2518.0125,2442.124
06-AUG-15,2575.45,2521.0875,2447.58
07-AUG-15,2537.85,2524.435,2452.037
10-AUG-15,2556.3,2527.3775,2456.437
11-AUG-15,2541.75,2529.5125,2461.89
12-AUG-15,2462.1,2525.995,2466.316
13-AUG-15,2489.05,2523.235,2471.773
14-AUG-15,2558.8,2524.8125,2478.962
17-AUG-15,2529.95,2525.3325,2485.135
18-AUG-15,2522,2524.2025,2491.858
19-AUG-15,2541.25,2520.31,2497.621
20-AUG-15,2492.1,2520.5275,2503.312
21-AUG-15,2407.35,2516.0225,2505.748
24-AUG-15,2188.45,2500.06,2502.831
25-AUG-15,2204.65,2486.49,2499.097
26-AUG-15,2244.15,2473.94,2496.619
27-AUG-15,2189.3,2457.215,2492.458
28-AUG-15,2269.2,2444.7175,2489.73
31-AUG-15,2254.9,2432.2425,2486.32
01-SEP-15,2251.75,2419.3025,2483.106
02-SEP-15,2207.35,2401.185,2479.353
03-SEP-15,2246.85,2384.755,2474.165
04-SEP-15,2207.85,2368.255,2467.519
07-SEP-15,2192.75,2350.0775,2460.362
08-SEP-15,2209.8,2333.48,2453.845
09-SEP-15,2269.05,2323.8275,2448.754
10-SEP-15,2302.45,2314.4975,2443.487
11-SEP-15,2318.5,2302.4825,2438.134
14-SEP-15,2310.5,2291.51,2432.437
15-SEP-15,2295.2,2280.17,2426.216
16-SEP-15,2345.65,2270.39,2421.651
18-SEP-15,2294.15,2260.4925,2417.255
21-SEP-15,2303.05,2255.2775,2413.898
22-SEP-15,2258.15,2258.7625,2409.112
23-SEP-15,2240.25,2260.5425,2403.936
24-SEP-15,2283.1,2262.49,2398.949
28-SEP-15,2275.9,2266.82,2393.582
29-SEP-15,2251.75,2265.9475,2388.072
30-SEP-15,2309.75,2268.69,2383.876
01-OCT-15,2313.85,2271.795,2379.261
05-OCT-15,2384.4,2280.6475,2374.567
06-OCT-15,2377.6,2287.185,2372.364
07-OCT-15,2452.3,2299.4075,2371.461
08-OCT-15,2435.2,2311.53,2370.011
09-OCT-15,2444.15,2323.2475,2369.373
12-OCT-15,2425.35,2331.0625,2367.977
13-OCT-15,2460.75,2338.9775,2366.716
14-OCT-15,2439.6,2345.0325,2365.125
15-OCT-15,2451.8,2352.0975,2364.073
16-OCT-15,2458.45,2360.26,2363.031
19-OCT-15,2459.75,2365.965,2360.832
20-OCT-15,2438.3,2373.1725,2358.089
21-OCT-15,2518.25,2383.9325,2357.697
23-OCT-15,2513.85,2396.7175,2356.848
26-OCT-15,2567.55,2413.0825,2357.364
27-OCT-15,2582.25,2428.04,2359.767
28-OCT-15,2568.8,2442.685,2361.362
29-OCT-15,2575.15,2458.855,2361.689
30-OCT-15,2549.6,2470.8475,2362.082
02-NOV-15,2432.15,2476.7625,2360.285
03-NOV-15,2421.35,2478.61,2357.887
04-NOV-15,2448.75,2482.1675,2357.02
05-NOV-15,2414.25,2480.265,2357.158
06-NOV-15,2422.9,2479.65,2361.847
09-NOV-15,2409,2477.8925,2365.934
10-NOV-15,2453.2,2479.285,2370.115
11-NOV-15,2451.05,2478.8,2375.35
13-NOV-15,2377,2475.67,2377.506
16-NOV-15,2383.5,2472.255,2380.078
17-NOV-15,2363.85,2467.525,2382.32
18-NOV-15,2345.65,2461.82,2385.086
19-NOV-15,2423.65,2461.0875,2388.622
20-NOV-15,2468.5,2458.6,2393.835
23-NOV-15,2523.2,2459.0675,2400.444
24-NOV-15,2478.85,2454.6325,2405.825
26-NOV-15,2462.4,2448.64,2409.692
27-NOV-15,2448.85,2442.6425,2412.62
30-NOV-15,2481.55,2437.9625,2415.881
01-DEC-15,2461.2,2433.5425,2418.895
02-DEC-15,2499.4,2436.905,2422.979
03-DEC-15,2481.1,2439.8925,2425.688
04-DEC-15,2469.15,2440.9125,2429.188
07-DEC-15,2449,2442.65,2432.107
08-DEC-15,2462.45,2444.6275,2436.193
09-DEC-15,2390.45,2443.7,2439.197
10-DEC-15,2441.45,2443.1125,2442.364
11-DEC-15,2411.9,2441.155,2445.084
14-DEC-15,2409.75,2442.7925,2448.244
15-DEC-15,2435.45,2445.39,2450.758
16-DEC-15,2451.65,2449.78,2453.514
17-DEC-15,2524.2,2458.7075,2456.31
18-DEC-15,2481.95,2461.6225,2458.397
21-DEC-15,2489.25,2462.66,2459.136
22-DEC-15,2476.1,2460.305,2459.954
23-DEC-15,2475.6,2460.1425,2460.583
24-DEC-15,2484.8,2461.2625,2461.772
28-DEC-15,2487.45,2463.1925,2462.306
29-DEC-15,2531.15,2465.6725,2464.137
30-DEC-15,2515.5,2468.3875,2465.411
31-DEC-15,2533.5,2470.0925,2466.912
01-JAN-16,2520.05,2472.04,2468.118
04-JAN-16,2488.15,2472.99,2469.115
05-JAN-16,2497.05,2475.3925,2468.691
06-JAN-16,2485.5,2476.545,2468.124
07-JAN-16,2419.25,2477.985,2465.158
08-JAN-16,2376.85,2474.755,2461.05
11-JAN-16,2359.8,2472.15,2456.87
12-JAN-16,2342.45,2468.785,2452.216
13-JAN-16,2364,2465.2125,2448.504
14-JAN-16,2362.15,2460.7375,2447.104
15-JAN-16,2335.2,2451.2875,2445.381
18-JAN-16,2249.6,2439.67,2441.398
19-JAN-16,2266.6,2428.5375,2438.445
20-JAN-16,2276.25,2418.545,2435.512
21-JAN-16,2274,2408.465,2432.812
22-JAN-16,2317.6,2400.105,2430.1
25-JAN-16,2323.15,2391.89,2427.542
27-JAN-16,2301.7,2380.4175,2426.036
28-JAN-16,2269.75,2368.13,2423.761
29-JAN-16,2341.9,2358.55,2423.322
01-FEB-16,2328.1,2348.9525,2422.971
02-FEB-16,2362.55,2342.6725,2421.749
03-FEB-16,2348.05,2335.2225,2419.34
04-FEB-16,2310.05,2326.45,2415.077
05-FEB-16,2361.1,2323.5425,2412.722
08-FEB-16,2348.7,2322.135,2410.448
09-FEB-16,2377.65,2323.0275,2409.024
10-FEB-16,2371.05,2324.4575,2406.814
11-FEB-16,2331.15,2322.815,2404.213
12-FEB-16,2302.95,2319.855,2400.284
15-FEB-16,2343.25,2320.2575,2397.527
16-FEB-16,2334.75,2324.515,2394.839
17-FEB-16,2356.9,2329.03,2392.997
18-FEB-16,2405.5,2335.4925,2391.858
19-FEB-16,2457,2344.6425,2393.189
22-FEB-16,2475.3,2352.5275,2393.866
23-FEB-16,2396.25,2356.1825,2393.553
24-FEB-16,2344.65,2358.33,2392.251
25-FEB-16,2317.8,2360.7325,2389.898
26-FEB-16,2236.85,2355.48,2385.602
29-FEB-16,2200.4,2349.095,2379.126
01-MAR-16,2260,2343.9675,2374.687
02-MAR-16,2233.6,2338.245,2369.574
03-MAR-16,2279.25,2336.705,2365.637
04-MAR-16,2304.7,2333.885,2362.219
08-MAR-16,2316.85,2332.2925,2358.86
09-MAR-16,2313.85,2329.1025,2355.388
10-MAR-16,2319.9,2326.545,2351.163
11-MAR-16,2325.8,2326.2775,2347.369
14-MAR-16,2313.05,2326.7825,2342.96
15-MAR-16,2278.45,2323.5425,2338.128
16-MAR-16,2249.65,2319.2875,2333.358
17-MAR-16,2269.8,2314.9325,2328.813
18-MAR-16,2301.85,2309.75,2325.14
21-MAR-16,2311.8,2302.49,2322.991
22-MAR-16,2309.65,2294.2075,2321.647
23-MAR-16,2354.45,2292.1175,2321.54
28-MAR-16,2355.5,2292.66,2321.801
29-MAR-16,2347.3,2294.135,2321.467
30-MAR-16,2417.2,2303.1525,2322.568
31-MAR-16,2406.1,2313.4375,2323.986
01-APR-16,2417.15,2321.295,2327.337
04-APR-16,2449.7,2332.1,2330.999
05-APR-16,2396.45,2337.96,2333.403
06-APR-16,2396.75,2342.5625,2335.858
07-APR-16,2374.8,2345.46,2337.002
08-APR-16,2390.65,2349.3,2338.352
11-APR-16,2431.8,2354.895,2340.954
12-APR-16,2459.1,2361.56,2344.741
13-APR-16,2580.8,2374.9475,2349.519
18-APR-16,2540.3,2388.04,2353.763
20-APR-16,2536.3,2402.3725,2357.238
21-APR-16,2496.1,2413.6875,2360.199
22-APR-16,2521.1,2424.65,2364.42
25-APR-16,2543.25,2436.2225,2368.063
26-APR-16,2549.65,2448.2225,2372.082
27-APR-16,2549.1,2457.955,2375.511
28-APR-16,2488.45,2464.6025,2377.859
29-APR-16,2484.6,2471.4675,2380.928
02-MAY-16,2477.55,2474.485,2384.42
03-MAY-16,2463.2,2477.34,2386.819
04-MAY-16,2459.2,2479.4425,2389.308
05-MAY-16,2453,2479.6075,2391.23
06-MAY-16,2435.85,2481.5775,2391.837
09-MAY-16,2527.95,2488.1375,2393.256
10-MAY-16,2532.8,2496.0375,2394.406
11-MAY-16,2517.75,2502.3925,2396.836
12-MAY-16,2550.45,2508.325,2400.952
13-MAY-16,2514.3,2511.085,2404.882
16-MAY-16,2518.6,2507.975,2410.517
17-MAY-16,2513,2506.61,2416.769
18-MAY-16,2466.45,2503.1175,2420.898
19-MAY-16,2440.7,2500.3475,2425.04
20-MAY-16,2461,2497.3425,2428.675
23-MAY-16,2416.75,2491.0175,2430.916
24-MAY-16,2384.5,2482.76,2432.269
25-MAY-16,2478.85,2479.2475,2435.569
26-MAY-16,2505.15,2480.0825,2439.274
27-MAY-16,2567.45,2484.225,2444.107
30-MAY-16,2608.75,2490.785,2450.021
31-MAY-16,2618.9,2498.57,2456.83
01-JUN-16,2602.7,2505.745,2463.891
02-JUN-16,2594.85,2512.8375,2470.392
03-JUN-16,2635,2522.795,2477.055
06-JUN-16,2633.25,2528.06,2483.484
07-JUN-16,2642.25,2533.5325,2490.136
08-JUN-16,2631.55,2539.2225,2495.678
09-JUN-16,2593.25,2541.3625,2500.433
10-JUN-16,2585.05,2544.9,2505.188
13-JUN-16,2587.2,2548.33,2508.588
14-JUN-16,2561.2,2550.74,2511.69
15-JUN-16,2602.1,2557.5225,2515.389
16-JUN-16,2566.4,2563.8075,2517.723
17-JUN-16,2577.1,2569.6125,2521.336
20-JUN-16,2612.05,2579.3775,2525.642
21-JUN-16,2625.2,2591.4125,2530.65
22-JUN-16,2626.65,2598.8025,2535.37
23-JUN-16,2651.25,2606.1075,2539.759
24-JUN-16,2679,2611.685,2544.157
27-JUN-16,2651.6,2613.8275,2545.573
28-JUN-16,2626.2,2614.1925,2547.291
29-JUN-16,2644.75,2616.295,2549.46
30-JUN-16,2686.25,2620.865,2553.263
01-JUL-16,2668.9,2622.56,2556.219
04-JUL-16,2650.85,2623.44,2558.371
05-JUL-16,2613.95,2622.025,2559.657
07-JUL-16,2610.4,2620.9675,2560.883
08-JUL-16,2606.45,2621.6275,2563.243
11-JUL-16,2649.2,2624.835,2566.535
12-JUL-16,2652.15,2628.0825,2570.027
13-JUL-16,2655.65,2632.805,2573.876
14-JUL-16,2661.55,2635.7775,2577.923
15-JUL-16,2688.4,2641.8775,2582.631
18-JUL-16,2755.8,2650.8125,2589.03
19-JUL-16,2750.25,2657.7225,2593.476
20-JUL-16,2769,2664.9125,2598.2
21-JUL-16,2764.9,2671.825,2603.143
22-JUL-16,2720.75,2675.3,2606.549
25-JUL-16,2700,2676.35,2610.263
26-JUL-16,2670.15,2677.2775,2613.294
27-JUL-16,2668.75,2679.405,2616.409
28-JUL-16,2660.6,2680.1975,2620.292
29-JUL-16,2702,2680.985,2625.518
01-AUG-16,2735.4,2684.31,2631.006
02-AUG-16,2748.45,2689.19,2637.64
03-AUG-16,2716.3,2694.3075,2644.276
04-AUG-16,2739.8,2700.7775,2649.495
05-AUG-16,2859.85,2713.4475,2656.589
08-AUG-16,2873,2724.6375,2662.7
09-AUG-16,2864.15,2735.2375,2667.808
10-AUG-16,2849,2744.905,2672.41
11-AUG-16,2844.7,2754.0625,2677.25
12-AUG-16,2867.45,2763.015,2682.702
16-AUG-16,2875.65,2769.0075,2687.515
17-AUG-16,2932.9,2778.14,2693.508
18-AUG-16,2942.75,2786.8275,2699.518
19-AUG-16,2931.5,2795.1575,2705.517
22-AUG-16,2931.45,2805.6925,2712.281
23-AUG-16,2875.25,2814.455,2718.085
24-AUG-16,2872.25,2824.56,2723.786
25-AUG-16,2863,2834.2725,2729.822
26-AUG-16,2857.25,2844.105,2734.925
29-AUG-16,2884.3,2853.22,2741.283
30-AUG-16,2982.15,2865.5575,2749.384
31-AUG-16,2980.95,2877.1825,2756.762
01-SEP-16,2996.55,2891.195,2764.189
02-SEP-16,2999.85,2904.1975,2771.653
06-SEP-16,3006.65,2911.5375,2778.761
07-SEP-16,2985.85,2917.18,2784.898
08-SEP-16,3090.55,2928.5,2793.677
09-SEP-16,3034.1,2937.755,2801.835
12-SEP-16,2955.3,2943.285,2808.046
14-SEP-16,2980.05,2948.915,2813.922
15-SEP-16,2931.95,2951.73,2819.183
16-SEP-16,2980,2954.085,2825.766
19-SEP-16,2945.75,2954.235,2832.402
20-SEP-16,2888.1,2952.065,2837.956
21-SEP-16,2902.9,2950.6375,2843.885
22-SEP-16,2925.5,2953.15,2849.411
23-SEP-16,2926.6,2955.8675,2854.9
26-SEP-16,2890.75,2957.255,2859.602
27-SEP-16,2871.05,2957.945,2863.792
28-SEP-16,2913.9,2959.425,2868.302
29-SEP-16,2844.55,2952.545,2870.077
30-SEP-16,2832.15,2945.105,2871.715
03-OCT-16,2882.55,2939.405,2873.986
04-OCT-16,2894.35,2934.13,2876.575
05-OCT-16,2857.2,2926.6575,2879.304
06-OCT-16,2825.9,2918.66,2881.822
07-OCT-16,2883.9,2908.3275,2886.097
10-OCT-16,2874.85,2900.365,2890.219
13-OCT-16,2823.75,2893.7875,2893.482
14-OCT-16,2804.8,2885.025,2895.538
17-OCT-16,2754.3,2876.1425,2895.916
18-OCT-16,2790.85,2866.685,2896.764
19-OCT-16,2787.15,2858.755,2898.181
20-OCT-16,2788.25,2853.7625,2899.15
21-OCT-16,2798.95,2848.565,2897.932
24-OCT-16,2789.3,2841.755,2896.258
25-OCT-16,2799.95,2835.4225,2894.974
26-OCT-16,2818.65,2831.8175,2894.367
27-OCT-16,2764.35,2826.4825,2892.76
28-OCT-16,2834.65,2822.52,2892.104
30-OCT-16,2833.45,2821.965,2891.26
01-NOV-16,2824.7,2821.5925,2889.096
02-NOV-16,2817.65,2818.3475,2886.594
03-NOV-16,2831.45,2815.2025,2884.593
04-NOV-16,2813.35,2813.01,2882.231
07-NOV-16,2828.1,2813.12,2881.288
08-NOV-16,2865.7,2812.21,2881.157
09-NOV-16,2781.6,2807.5475,2879.529
10-NOV-16,2735.3,2803.125,2877.09
11-NOV-16,2648.05,2795.2875,2872.365
15-NOV-16,2575.75,2786.36,2864.237
16-NOV-16,2610.85,2777.36,2856.835
17-NOV-16,2544.35,2765.22,2847.791
18-NOV-16,2574.6,2754.5375,2839.286
21-NOV-16,2527.6,2740.97,2829.705
22-NOV-16,2600.6,2731.535,2822
23-NOV-16,2595.75,2721.325,2812.104
24-NOV-16,2632.3,2712.0075,2804.068
25-NOV-16,2612.85,2704.4325,2797.219
28-NOV-16,2637.45,2694.5725,2790.367
29-NOV-16,2661.8,2685.99,2784.964
30-NOV-16,2683.75,2678.9425,2779.039
01-DEC-16,2685.15,2672.3175,2773.827
02-DEC-16,2702.45,2665.8675,2770.114
05-DEC-16,2737.5,2662.075,2766.806
06-DEC-16,2728.05,2657.0725,2762.857
07-DEC-16,2701.7,2648.8725,2758.359
08-DEC-16,2773.75,2648.48,2756.019
09-DEC-16,2719.55,2647.6925,2752.989
12-DEC-16,2652.75,2647.9275,2747.766
13-DEC-16,2659.4,2652.11,2744.063
14-DEC-16,2649.45,2654.04,2740.409
15-DEC-16,2674.65,2660.555,2736.251
16-DEC-16,2658.9,2664.77,2731.542
19-DEC-16,2646.3,2670.705,2727.324
20-DEC-16,2585.4,2669.945,2722.514
21-DEC-16,2585.65,2669.44,2716.549
22-DEC-16,2566.55,2666.1525,2710.383
23-DEC-16,2621.35,2666.5775,2706.335
26-DEC-16,2596.7,2664.54,2702.173
27-DEC-16,2633.6,2663.13,2699.759
28-DEC-16,2631.6,2660.5225,2696.574
29-DEC-16,2655.45,2659.0375,2693.94
30-DEC-16,2633.85,2655.6075,2690.852
02-JAN-17,2596.8,2648.5725,2686.809
03-JAN-17,2620.1,2643.175,2683.425
04-JAN-17,2688.55,2642.5175,2681.197
05-JAN-17,2720.95,2639.8775,2679.243
06-JAN-17,2708.4,2639.32,2678.124
09-JAN-17,2721.05,2642.735,2675.852
10-JAN-17,2740.8,2646.805,2673.999
11-JAN-17,2717.55,2650.21,2671.856
12-JAN-17,2731.5,2653.0525,2670.133
13-JAN-17,2708.05,2655.51,2667.665
16-JAN-17,2722,2659.295,2665.838
17-JAN-17,2729.9,2666.52,2663.874
18-JAN-17,2704.3,2672.4525,2660.646
19-JAN-17,2695.95,2678.9225,2658.933
20-JAN-17,2698.35,2682.7725,2658.194
23-JAN-17,2707.4,2688.3075,2659.381
24-JAN-17,2796.1,2696.4325,2663.788
25-JAN-17,2851,2707.4025,2668.591
27-JAN-17,2853.5,2717.305,2674.774
30-JAN-17,2825.35,2726.88,2679.789
31-JAN-17,2837.75,2738.9275,2685.992
01-FEB-17,2856.65,2750.755,2691.113
02-FEB-17,2808.8,2756.7675,2695.374
03-FEB-17,2809.95,2761.2175,2698.927
06-FEB-17,2798.6,2765.7275,2702.642
07-FEB-17,2775,2768.425,2705.393
08-FEB-17,2786.2,2770.695,2707.881
09-FEB-17,2785.25,2774.08,2709.911
10-FEB-17,2795.8,2777.295,2712.124
13-FEB-17,2806.4,2782.2125,2714.203
14-FEB-17,2779.4,2785.0825,2715.041
15-FEB-17,2790,2788.0875,2716.28
16-FEB-17,2788.5,2792.2975,2718.016
17-FEB-17,2781.5,2796.575,2718.171
20-FEB-17,2793.1,2801.3125,2719.642
21-FEB-17,2806.1,2806.2475,2722.709
22-FEB-17,2799.8,2806.4325,2725.517
23-FEB-17,2812.05,2804.485,2728.769
27-FEB-17,2801.85,2801.9025,2731.313
28-FEB-17,2758.25,2798.5475,2733.3
01-MAR-17,2773,2795.31,2735.834
02-MAR-17,2831.8,2794.0675,2740.762
03-MAR-17,2831.1,2795.1825,2745.671
06-MAR-17,2878.75,2798.6225,2751.915
07-MAR-17,2876.55,2802.52,2757.019
08-MAR-17,2865.5,2807.045,2762.395
09-MAR-17,2872.7,2811.37,2767.177
10-MAR-17,2866.15,2815.415,2771.868
14-MAR-17,2867.25,2818.9875,2776.104
15-MAR-17,2870.35,2822.185,2780.834
16-MAR-17,2936.7,2830.05,2787.632
17-MAR-17,2913.8,2836.24,2793.506
20-MAR-17,2920.75,2842.8525,2798.15
21-MAR-17,2908.6,2849.2075,2801.903
22-MAR-17,2853.2,2852.2125,2804.799
23-MAR-17,2864.65,2855.14,2807.671
24-MAR-17,2846.35,2857.4675,2809.782
27-MAR-17,2813.35,2857.5325,2811.698
28-MAR-17,2822.95,2858.5875,2813.527
29-MAR-17,2831,2862.225,2815.986
30-MAR-17,2820.65,2864.6075,2817.959
31-MAR-17,2807.5,2863.3925,2819.511
03-APR-17,2783.9,2861.0325,2821.103
05-APR-17,2760.7,2855.13,2822.398
06-APR-17,2801,2851.3525,2824.451
07-APR-17,2832.7,2849.7125,2826.957
10-APR-17,2837.7,2847.9625,2827.789
11-APR-17,2822.45,2845.7775,2827.218
12-APR-17,2835.75,2844.2025,2826.863
13-APR-17,2837.35,2842.5525,2827.103
17-APR-17,2850.5,2838.2425,2827.358
18-APR-17,2822.55,2833.68,2826.676
19-APR-17,2810.45,2828.165,2826.709
20-APR-17,2832.3,2824.35,2827.156
21-APR-17,2823.9,2822.885,2827.662
24-APR-17,2859.3,2822.6175,2829.348
25-APR-17,2896.4,2825.12,2831.552
26-APR-17,2888.05,2828.855,2833.608
27-APR-17,2860.6,2830.7375,2834.904
28-APR-17,2868.35,2832.605,2836.143
02-MAY-17,2904.95,2836.82,2838.654
03-MAY-17,2923.6,2842.625,2841.326
04-MAY-17,2934.8,2850.17,2844.252
05-MAY-17,2890.15,2856.6425,2846.425
08-MAY-17,2854.85,2859.335,2847.66
09-MAY-17,2861.2,2860.76,2848.762
10-MAY-17,2899.4,2863.845,2850.754
11-MAY-17,2998.25,2872.635,2854.478
12-MAY-17,3001,2880.8975,2858.461
15-MAY-17,2992.3,2888.645,2863.142
16-MAY-17,3023.9,2897.315,2868.16
17-MAY-17,3032.6,2907.8175,2872.176
18-MAY-17,2973.85,2915.9875,2875.031
19-MAY-17,2971.45,2922.945,2876.885
22-MAY-17,2912.5,2927.375,2877.604
23-MAY-17,2824.4,2925.63,2876.782
24-MAY-17,2771.55,2919.3875,2874.759
25-MAY-17,2821.6,2916.065,2873.868
26-MAY-17,2816.3,2913.85,2872.849
29-MAY-17,2834.4,2912.1525,2872.13
30-MAY-17,2846.25,2909.2175,2870.321
31-MAY-17,2843.95,2905.235,2868.924
01-JUN-17,2840.75,2900.5325,2867.324
02-JUN-17,2846.1,2898.33,2866.074
05-JUN-17,2900.7,2900.6225,2867.024
06-JUN-17,2875.25,2901.325,2867.236
07-JUN-17,2873.4,2900.025,2867.777
08-JUN-17,2869.25,2893.575,2868.895
09-JUN-17,2866.1,2886.83,2869.758
12-JUN-17,2826.9,2878.56,2869.676
13-JUN-17,2828.1,2868.77,2869.825
14-JUN-17,2831.1,2858.695,2870.297
15-JUN-17,2815.45,2850.775,2870.928
16-JUN-17,2808.95,2842.65,2871.893
19-JUN-17,2834.5,2838.75,2872.563
20-JUN-17,2816.45,2838.3525,2872.238
21-JUN-17,2821.1,2840.83,2871.906
22-JUN-17,2840.45,2841.7725,2872.266
23-JUN-17,2824.6,2842.1875,2872.043
27-JUN-17,2779.2,2839.4275,2870.88
28-JUN-17,2781.4,2836.185,2869.498
29-JUN-17,2802.9,2834.1325,2869.105
30-JUN-17,2790.5,2831.62,2868.706
03-JUL-17,2790.7,2828.85,2867.874
04-JUL-17,2771.25,2822.3775,2866.821
05-JUL-17,2771.8,2817.205,2865.071
06-JUL-17,2729.6,2810.015,2861.735
07-JUL-17,2707.95,2801.95,2858.133
10-JUL-17,2729.5,2795.12,2855.511
11-JUL-17,2793.4,2793.445,2854.012
12-JUL-17,2786,2791.34,2851.633
13-JUL-17,2790.5,2789.31,2848.971
14-JUL-17,2811.3,2789.1025,2846.501
17-JUL-17,2811.95,2789.2525,2844.937
18-JUL-17,2824.05,2788.73,2844.321
19-JUL-17,2824.75,2789.145,2843.592
20-JUL-17,2818.65,2789.0225,2841.977
21-JUL-17,2815,2787.75,2838.312
24-JUL-17,2826.85,2787.8625,2834.829
25-JUL-17,2844.95,2791.15,2831.882
26-JUL-17,2838.05,2793.9825,2828.165
27-JUL-17,2846.4,2796.1575,2824.441
28-JUL-17,2822.75,2797.77,2821.419
31-JUL-17,2807.6,2798.615,2818.142
01-AUG-17,2823,2801.2025,2816.352
02-AUG-17,2802.05,2802.715,2815.905
03-AUG-17,2834.75,2807.9725,2817.169
04-AUG-17,2873.7,2816.26,2818.211
07-AUG-17,2890,2824.285,2819.685
08-AUG-17,2913.8,2830.305,2821.273
09-AUG-17,2833.05,2832.6575,2821.009
10-AUG-17,2794.8,2832.8725,2820.026
11-AUG-17,2788.5,2831.7325,2818.981
14-AUG-17,2833.4,2832.805,2818.727
16-AUG-17,2850.55,2834.13,2817.724
17-AUG-17,2820.7,2833.9275,2816.633
18-AUG-17,2815.7,2833.78,2815.479
21-AUG-17,2770.6,2831.56,2813.506
22-AUG-17,2740.5,2827.2425,2810.994
23-AUG-17,2760.5,2823.02,2809.666
24-AUG-17,2734.45,2817.84,2807.793
28-AUG-17,2739.55,2812.4975,2805.962
29-AUG-17,2732.25,2807.9725,2804.298
30-AUG-17,2746.95,2804.94,2803.058
31-AUG-17,2808.45,2804.2125,2802.537
01-SEP-17,2918.65,2810.0425,2804.581
04-SEP-17,2913.4,2813.975,2806.427
05-SEP-17,2949.85,2817.7825,2808.615
06-SEP-17,2925.8,2819.5725,2810.639
07-SEP-17,2965.95,2822.18,2814.374
08-SEP-17,2913.85,2826.22,2817.023
11-SEP-17,2930.3,2832.995,2819.571
12-SEP-17,2933.4,2840.24,2822.429
13-SEP-17,2931.25,2845.1325,2825.24
14-SEP-17,2928.65,2849.0375,2828.388
15-SEP-17,3022.05,2859.105,2833.393
18-SEP-17,3129.8,2874.81,2841.397
19-SEP-17,3115.6,2892.06,2849.55
20-SEP-17,3088.1,2909.44,2856.722
21-SEP-17,3078.1,2925.32,2862.416
22-SEP-17,3039.4,2940.5675,2867.484
25-SEP-17,3038.6,2955.52,2872.446
26-SEP-17,3036.4,2970.7275,2876.948
27-SEP-17,3027.8,2984.77,2881.265
28-SEP-17,3034.1,2996.0525,2885.466
29-SEP-17,3108.15,3005.5275,2891.134
03-OCT-17,3163.8,3018.0475,2898.037
04-OCT-17,3169.75,3029.0425,2905.132
05-OCT-17,3130.8,3039.2925,2911.211
06-OCT-17,3146.3,3048.31,2917.238
09-OCT-17,3128.15,3059.025,2923.04
10-OCT-17,3134.9,3069.255,2928.81
11-OCT-17,3142.25,3079.6975,2935.2
12-OCT-17,3154.1,3090.84,2942.13
13-OCT-17,3164.7,3102.6425,2948.964
16-OCT-17,3221.8,3112.63,2957.359
17-OCT-17,3263.7,3119.325,2965.938
18-OCT-17,3231.85,3125.1375,2973.101
19-OCT-17,3215.2,3131.4925,2979.605
23-OCT-17,3215.85,3138.38,2985.646
24-OCT-17,3214.85,3147.1525,2993.282
25-OCT-17,3233.5,3156.8975,3002.056
26-OCT-17,3278.9,3169.0225,3011.864
27-OCT-17,3289.6,3182.1125,3020.988
30-OCT-17,3274.75,3194.145,3029.472
31-OCT-17,3260,3201.7375,3038.258
01-NOV-17,3240.5,3205.5725,3046.754
02-NOV-17,3238.5,3209.01,3056.112
03-NOV-17,3223.1,3213.625,3065.764
06-NOV-17,3212.35,3216.9275,3074.801
07-NOV-17,3163.25,3218.6825,3083.377
08-NOV-17,3190.1,3221.4425,3092.388
09-NOV-17,3199.95,3224.3275,3101.742
10-NOV-17,3248.25,3229.035,3111.768
13-NOV-17,3211.6,3231.38,3119.831
14-NOV-17,3266.4,3233.61,3126.786
15-NOV-17,3212.35,3231.0425,3132.765
16-NOV-17,3209.6,3229.93,3137.96
17-NOV-17,3212.05,3229.7725,3143.685
20-NOV-17,3242.85,3231.1225,3149.223
21-NOV-17,3292.95,3235.0275,3156.805
22-NOV-17,3312.2,3238.9625,3164.443
23-NOV-17,3261.85,3238.11,3171.012
24-NOV-17,3293.1,3238.285,3178.249
27-NOV-17,3272.35,3238.165,3185.123
28-NOV-17,3292.6,3239.795,3190.534
29-NOV-17,3315.5,3243.545,3194.248
30-NOV-17,3311.7,3247.205,3198.17
01-DEC-17,3212.65,3246.6825,3200.661
04-DEC-17,3199.95,3246.0625,3203.098
05-DEC-17,3160.85,3245.9425,3205.527
06-DEC-17,3108.6,3241.8675,3206.927
07-DEC-17,3195.85,3241.6625,3210.116
08-DEC-17,3215.3,3240.015,3213.866
11-DEC-17,3211.9,3240.03,3217.422
12-DEC-17,3168.65,3235.1425,3218.632
13-DEC-17,3149.35,3231.9925,3218.343
14-DEC-17,3151.4,3229.0825,3217.976
15-DEC-17,3205.3,3228.745,3219.466
18-DEC-17,3227.4,3227.9725,3221.088
19-DEC-17,3319.9,3229.32,3224.923
20-DEC-17,3301.15,3228.7675,3228.248
21-DEC-17,3285.55,3229.9525,3231.114
22-DEC-17,3326.45,3231.62,3234.561
26-DEC-17,3362.9,3236.1475,3238.525
27-DEC-17,3335.45,3238.29,3240.798
28-DEC-17,3301.45,3237.5875,3241.553
29-DEC-17,3323.2,3238.1625,3243.38
01-JAN-18,3293.4,3242.2,3244.944
02-JAN-18,3294.15,3246.91,3246.51
03-JAN-18,3247.45,3251.24,3247.162
04-JAN-18,3262.75,3258.9475,3247.747
05-JAN-18,3277.55,3263.0325,3247.72
08-JAN-18,3275.35,3266.035,3247.435
09-JAN-18,3240.95,3267.4875,3246.759
10-JAN-18,3205.35,3269.3225,3245.666
11-JAN-18,3202,3271.955,3244.896
12-JAN-18,3175.1,3273.14,3243.628
15-JAN-18,3163.3,3271.04,3242.432
16-JAN-18,3160,3267.67,3241.385
17-JAN-18,3184.9,3260.92,3241.818
18-JAN-18,3195.4,3255.6325,3241.924
19-JAN-18,3208.05,3251.7575,3242.086
22-JAN-18,3272.1,3249.04,3242.563
23-JAN-18,3294.3,3245.61,3244.217
24-JAN-18,3335.6,3245.6175,3245.601
25-JAN-18,3303.2,3245.705,3247.418
29-JAN-18,3362.1,3247.65,3250.468
30-JAN-18,3351.4,3250.55,3253.255
31-JAN-18,3338.8,3252.7825,3255.174
01-FEB-18,3409.5,3260.885,3257.505
02-FEB-18,3242.6,3259.8775,3256.113
05-FEB-18,3177.8,3254.89,3254.432
06-FEB-18,3138.2,3248.0325,3251.334
07-FEB-18,3137.3,3242.85,3248.633
08-FEB-18,3152.4,3240.2025,3245.829
09-FEB-18,3103.5,3235.2775,3241.589
12-FEB-18,3143.35,3233.69,3238.222
14-FEB-18,3110.85,3231.0675,3236.186
15-FEB-18,3140.6,3230.0975,3234.999
16-FEB-18,3102.95,3226,3233.841
19-FEB-18,3039.85,3218.2225,3232.466
20-FEB-18,3049.65,3210.3025,3229.542
21-FEB-18,3008.25,3197.11,3225.401
22-FEB-18,2971,3180.945,3220.583
23-FEB-18,2988,3163.565,3216.97
26-FEB-18,3007.2,3148.765,3214.127
27-FEB-18,3033.85,3132.3525,3211.776
28-FEB-18,3018.8,3115.7225,3208.046
01-MAR-18,3025,3100.0325,3203.998
05-MAR-18,2942.1,3076.6625,3196.442
06-MAR-18,2899.9,3059.5275,3188.417
07-MAR-18,2910.45,3046.16,3180.915
08-MAR-18,2924.65,3035.4825,3172.879
09-MAR-18,2938.05,3025.52,3164.382
12-MAR-18,2960.05,3015.9025,3156.874
13-MAR-18,2974.15,3009.435,3150.328
14-MAR-18,2948.85,2999.71,3142.841
15-MAR-18,2949.1,2991.6225,3135.955
16-MAR-18,2912.2,2980.2025,3128.316
19-MAR-18,2853.8,2967.745,3120.443
20-MAR-18,2873.55,2959.43,3112.659
21-MAR-18,2853.6,2949.6275,3104.18
22-MAR-18,2842.05,2941.3175,3095.514
23-MAR-18,2789.75,2932.255,3086.49
26-MAR-18,2839.15,2924.8125,3079.166
27-MAR-18,2803.2,2914.6125,3071.19
28-MAR-18,2748.9,2900.365,3062.666
02-APR-18,2808.6,2889.855,3055.572
03-APR-18,2791.75,2878.1925,3048.207
04-APR-18,2766.35,2869.405,3039.836
05-APR-18,2810.55,2864.9375,3032.139
06-APR-18,2783.05,2858.5675,3023.639
09-APR-18,2770.45,2850.8575,3013.606
10-APR-18,2767,2842.305,3003.06
11-APR-18,2755.4,2832.0725,2991.456
12-APR-18,2764.15,2821.5725,2980.675
13-APR-18,2789.4,2813.6,2969.221
16-APR-18,2839.8,2808.135,2958.989
17-APR-18,2863,2805.675,2949.473
18-APR-18,2862.65,2806.1175,2938.536
19-APR-18,2855.1,2805.195,2930.786
20-APR-18,2853.6,2805.195,2924.302
23-APR-18,2854.05,2805.795,2918.619
24-APR-18,2889.75,2810.795,2913.668
25-APR-18,2899.9,2813.8325,2908.618
26-APR-18,2886.1,2817.9775,2904.27
27-APR-18,2936.8,2827.3725,2900.139
30-APR-18,2948,2834.3425,2896.882
02-MAY-18,2965.25,2843.0175,2893.375
03-MAY-18,2971.9,2853.295,2890.754
04-MAY-18,2890.5,2857.2925,2887.767
07-MAY-18,2917.05,2863.9925,2885.115
08-MAY-18,2891.75,2870.0575,2882.785
09-MAY-18,2874.25,2875.42,2880.85
10-MAY-18,2827.8,2879.04,2877.646
11-MAY-18,2816.45,2881.655,2873.831
14-MAY-18,2834.7,2883.92,2869.848
15-MAY-18,2827.8,2883.32,2866.028
16-MAY-18,2808.25,2880.5825,2861.693
17-MAY-18,2819.15,2878.4075,2859.234
18-MAY-18,2777.5,2874.5275,2856.786
21-MAY-18,2719.9,2867.8425,2852.975
22-MAY-18,2811.25,2865.7025,2850.707
23-MAY-18,2775.8,2860.005,2847.462
24-MAY-18,2736.7,2851.845,2842.995
25-MAY-18,2759.85,2845.5325,2838.709
28-MAY-18,2791.25,2838.255,2835.557
29-MAY-18,2794,2830.555,2832.455
30-MAY-18,2763.1,2820.4475,2829.473
31-MAY-18,2752.15,2809.46,2827.44
01-JUN-18,2893.25,2809.5975,2827.834
04-JUN-18,2876.6,2807.575,2828.294
05-JUN-18,2844.15,2805.195,2828.336
06-JUN-18,2884.55,2805.71,2830.232
07-JUN-18,2889,2808.77,2831.229
08-JUN-18,2875.4,2811.7175,2832.673
11-JUN-18,2882,2814.0825,2835.335
12-JUN-18,2886.95,2817.04,2836.902
13-JUN-18,2908.3,2822.0425,2839.233
14-JUN-18,2890.2,2825.595,2841.71
15-JUN-18,2873.75,2830.4075,2842.974
18-JUN-18,2901.9,2839.5075,2845.351
19-JUN-18,2849.4,2841.415,2846.93
20-JUN-18,2873.3,2846.29,2849.056
21-JUN-18,2832.95,2851.1025,2850.607
22-JUN-18,2830.75,2854.6475,2851.939
25-JUN-18,2799.6,2855.065,2852.143
26-JUN-18,2809.75,2855.8525,2851.542
27-JUN-18,2765.45,2855.97,2849.591
28-JUN-18,2718.2,2854.2725,2846.702
29-JUN-18,2811.15,2850.1675,2845.823
02-JUL-18,2839.15,2848.295,2845.534
03-JUL-18,2865.05,2849.34,2845.754
04-JUL-18,2978.2,2854.0225,2847.523
05-JUL-18,2969.8,2858.0625,2848.921
06-JUL-18,3023.35,2865.46,2851.666
09-JUL-18,3017.95,2872.2575,2853.289
10-JUL-18,3089.05,2882.3625,2856.11
11-JUL-18,3154.35,2894.665,2859.892
12-JUL-18,3101.9,2905.25,2862.492
13-JUL-18,3134,2918.2625,2867.362
16-JUL-18,3101.75,2928.255,2871.056
17-JUL-18,3095.25,2940.5475,2875.126
18-JUL-18,3105.05,2952.135,2879.742
19-JUL-18,3112.8,2966.1275,2885.442
20-JUL-18,2841.1,2966.645,2885.935
23-JUL-18,2689.1,2961.12,2883.023
24-JUL-18,2650.8,2953.1725,2879.483
25-JUL-18,2638.8,2946.84,2876.094
26-JUL-18,2619.25,2941.8925,2872.096
27-JUL-18,2678.05,2935.2375,2870.107
30-JUL-18,2668.95,2926.7275,2869.088
31-JUL-18,2700.7,2918.51,2866.877
