"INFOSYS_DATE","CLOSE_PRICE","TWENTY_DAY_MA","FIFTY_DAY_MA"
01-JAN-15,1975.8,1975.8,1975.8
02-JAN-15,2013.45,1994.625,1994.625
05-JAN-15,1996.6,1995.283333333333333333333333333333333333,1995.283333333333333333333333333333333333
06-JAN-15,1956.85,1985.675,1985.675
07-JAN-15,1964.8,1981.5,1981.5
08-JAN-15,1974.55,1980.341666666666666666666666666666666667,1980.341666666666666666666666666666666667
09-JAN-15,2073.6,1993.664285714285714285714285714285714286,1993.664285714285714285714285714285714286
12-JAN-15,2114.75,2008.8,2008.8
13-JAN-15,2087.25,2017.516666666666666666666666666666666667,2017.516666666666666666666666666666666667
14-JAN-15,2128.8,2028.645,2028.645
15-JAN-15,2133.95,2038.218181818181818181818181818181818182,2038.218181818181818181818181818181818182
16-JAN-15,2114.15,2044.545833333333333333333333333333333333,2044.545833333333333333333333333333333333
19-JAN-15,2102.4,2048.996153846153846153846153846153846154,2048.996153846153846153846153846153846154
20-JAN-15,2122.35,2054.235714285714285714285714285714285714,2054.235714285714285714285714285714285714
21-JAN-15,2165.1,2061.626666666666666666666666666666666667,2061.626666666666666666666666666666666667
22-JAN-15,2195.7,2070.00625,2070.00625
23-JAN-15,2214.05,2078.479411764705882352941176470588235294,2078.479411764705882352941176470588235294
27-JAN-15,2136,2081.675,2081.675
28-JAN-15,2145.1,2085.013157894736842105263157894736842105,2085.013157894736842105263157894736842105
29-JAN-15,2142.9,2087.9075,2087.9075
30-JAN-15,2142.75,2096.255,2090.519047619047619047619047619047619048
02-FEB-15,2134.35,2102.3,2092.511363636363636363636363636363636364
03-FEB-15,2120.35,2108.4875,2093.721739130434782608695652173913043478
04-FEB-15,2142.05,2117.7475,2095.735416666666666666666666666666666667
05-FEB-15,2193.6,2129.1875,2099.65
06-FEB-15,2229.35,2141.9275,2104.638461538461538461538461538461538462
09-FEB-15,2250.2,2150.7575,2110.02962962962962962962962962962962963
10-FEB-15,2280.3,2159.035,2116.110714285714285714285714285714285714
11-FEB-15,2287.2,2169.0325,2122.010344827586206896551724137931034483
12-FEB-15,2315.45,2178.365,2128.458333333333333333333333333333333333
13-FEB-15,2296.4,2186.4875,2133.875806451612903225806451612903225806
16-FEB-15,2278.5,2194.705,2138.3953125
18-FEB-15,2295.75,2204.3725,2143.163636363636363636363636363636363636
19-FEB-15,2326.6,2214.585,2148.558823529411764705882352941176470588
20-FEB-15,2284.3,2220.545,2152.437142857142857142857142857142857143
23-FEB-15,2270.7,2224.295,2155.722222222222222222222222222222222222
24-FEB-15,2278.15,2227.5,2159.031081081081081081081081081081081081
25-FEB-15,2318.05,2236.6025,2163.215789473684210526315789473684210526
26-FEB-15,2259.5,2242.3225,2165.684615384615384615384615384615384615
27-FEB-15,2266.35,2248.495,2168.20125
28-FEB-15,2294.85,2256.1,2171.290243902439024390243902439024390244
02-MAR-15,2291.45,2263.955,2174.15119047619047619047619047619047619
03-MAR-15,2297.35,2272.805,2177.016279069767441860465116279069767442
04-MAR-15,2272.6,2279.3325,2179.188636363636363636363636363636363636
05-MAR-15,2251.7,2282.2375,2180.8
09-MAR-15,2190.55,2280.2975,2181.011956521739130434782608695652173913
10-MAR-15,2200.1,2277.7925,2181.41808510638297872340425531914893617
11-MAR-15,2183.6,2272.9575,2181.463541666666666666666666666666666667
12-MAR-15,2217.8,2269.4875,2182.205102040816326530612244897959183673
13-MAR-15,2216.45,2264.5375,2182.89
16-MAR-15,2267,2263.0675,2188.714
17-MAR-15,2241.95,2261.24,2193.284
18-MAR-15,2230.2,2257.9625,2197.956
19-MAR-15,2229.9,2253.1275,2203.417
20-MAR-15,2258.95,2251.86,2209.3
23-MAR-15,2232.4,2249.945,2214.457
24-MAR-15,2212.1,2246.6425,2217.227
25-MAR-15,2217.7,2241.625,2219.286
26-MAR-15,2144.45,2235.8725,2220.43
27-MAR-15,2201.95,2232.6525,2221.893
30-MAR-15,2229.8,2229.4,2223.81
31-MAR-15,2216.6,2225.6575,2225.859
01-APR-15,2172.25,2219.4025,2227.256
06-APR-15,2177.2,2214.6325,2228.353
07-APR-15,2161.25,2210.11,2228.276
08-APR-15,2200.8,2210.6225,2228.378
09-APR-15,2211.4,2211.1875,2228.325
10-APR-15,2233.3,2213.6725,2230.271
13-APR-15,2239,2214.7325,2232.149
15-APR-15,2213.2,2214.57,2233.555
16-APR-15,2191.1,2210.775,2234.522
17-APR-15,2181.95,2207.775,2235.474
20-APR-15,2133.25,2202.9275,2235.732
21-APR-15,2144.4,2198.6525,2235.779
22-APR-15,2138.45,2192.6275,2234.676
23-APR-15,2122.55,2187.135,2232.54
24-APR-15,1996.25,2176.3425,2227.461
27-APR-15,1986,2164.7575,2221.575
28-APR-15,1961.35,2155.6025,2215.058
29-APR-15,1961.6,2143.585,2207.981
30-APR-15,1942.4,2129.215,2200.901
04-MAY-15,1994.3,2118.1,2195.217
05-MAY-15,1966.75,2107.825,2188.637
06-MAY-15,1922.5,2095.09,2180.555
07-MAY-15,1942.8,2084.1675,2173.725
08-MAY-15,1958,2072.0275,2167.471
11-MAY-15,1992,2061.0575,2161.748
12-MAY-15,1949.6,2046.8725,2154.379
13-MAY-15,1955.95,2032.72,2148.308
14-MAY-15,1934.55,2018.7875,2141.672
15-MAY-15,1959.75,2007.22,2134.97
18-MAY-15,1991.75,1997.71,2128.976
19-MAY-15,2018.15,1991.955,2123.392
20-MAY-15,2044.7,1986.97,2118.834
21-MAY-15,2043.35,1982.215,2114.667
22-MAY-15,2041.8,1978.1775,2111.692
25-MAY-15,2018,1979.265,2108.05
26-MAY-15,2009.3,1980.43,2104.564
27-MAY-15,1969.05,1980.815,2099.589
28-MAY-15,2014.3,1983.45,2095.546
29-MAY-15,2022.4,1987.45,2090.654
01-JUN-15,2045.7,1990.02,2086.729
02-JUN-15,2008.8,1992.1225,2082.301
03-JUN-15,2023.1,1997.1525,2078.165
04-JUN-15,2028.05,2001.415,2073.547
05-JUN-15,2012.1,2004.12,2069.141
08-JUN-15,2000.25,2004.5325,2064.904
09-JUN-15,1992.55,2006.68,2060.401
10-JUN-15,2026.2,2010.1925,2058.036
11-JUN-15,2001.85,2013.5575,2054.034
12-JUN-15,1976.65,2014.4025,2048.971
15-JUN-15,991.1,1964.37,2024.461
16-JUN-15,999.45,1913.435,2001.005
17-JUN-15,995.8,1860.99,1977.377
18-JUN-15,1000.9,1808.8675,1954.17
19-JUN-15,996.75,1756.615,1930.089
22-JUN-15,1024.4,1706.935,1906.349
23-JUN-15,1001.15,1656.5275,1881.706
24-JUN-15,995.1,1607.83,1856.828
25-JUN-15,991.15,1556.6725,1832.387
26-JUN-15,1006.1,1505.8575,1808.687
29-JUN-15,990.25,1453.085,1784.853
30-JUN-15,985.35,1401.9125,1761.895
01-JUL-15,997.7,1350.6425,1738.961
02-JUL-15,988.15,1298.6475,1715.955
03-JUL-15,989.95,1247.54,1693.303
06-JUL-15,983.5,1196.7025,1673.048
07-JUL-15,982.05,1146.1775,1652.969
08-JUL-15,957.2,1092.7275,1632.886
09-JUL-15,937.7,1039.52,1612.408
10-JUL-15,937,987.5375,1592.3
13-JUL-15,950.05,985.485,1571.415
14-JUL-15,970.1,984.0175,1551.482
15-JUL-15,982.65,983.36,1532.685
16-JUL-15,987.8,982.705,1513.585
17-JUL-15,1002,982.9675,1494.465
20-JUL-15,1001.9,981.8425,1474.663
21-JUL-15,1112.65,987.4175,1457.924
22-JUL-15,1102.6,992.7925,1440.857
23-JUL-15,1098.85,998.1775,1424.143
24-JUL-15,1089.35,1002.34,1406.735
27-JUL-15,1065,1006.0775,1388.2
28-JUL-15,1063.5,1009.985,1369.107
29-JUL-15,1085.2,1014.36,1349.917
30-JUL-15,1069.1,1018.4075,1330.432
31-JUL-15,1078.05,1022.8125,1311.157
03-AUG-15,1079.05,1027.59,1292.378
04-AUG-15,1059.8,1031.4775,1273.388
05-AUG-15,1086.55,1037.945,1255.738
06-AUG-15,1089.45,1045.5325,1237.241
07-AUG-15,1095.6,1053.4625,1218.705
10-AUG-15,1081.95,1060.0575,1199.43
11-AUG-15,1104.35,1066.77,1181.341
12-AUG-15,1141.75,1074.725,1163.714
13-AUG-15,1156.85,1083.1775,1146.29
14-AUG-15,1149,1090.5275,1129.028
17-AUG-15,1141.85,1097.525,1111.86
18-AUG-15,1163.8,1100.0825,1095.285
19-AUG-15,1175.05,1103.705,1078.262
20-AUG-15,1138.2,1105.6725,1060.989
21-AUG-15,1150.6,1108.735,1044.468
24-AUG-15,1092.65,1110.1175,1046.499
25-AUG-15,1086.5,1111.2675,1048.24
26-AUG-15,1065.35,1110.275,1049.631
27-AUG-15,1084.1,1111.025,1051.295
28-AUG-15,1110.7,1112.6575,1053.574
31-AUG-15,1095.2,1113.465,1054.99
01-SEP-15,1089.65,1114.9575,1056.76
02-SEP-15,1100.3,1115.645,1058.864
03-SEP-15,1100.65,1116.205,1061.054
04-SEP-15,1073.8,1115.115,1062.408
07-SEP-15,1059.6,1113.9975,1063.795
08-SEP-15,1059.3,1111.745,1065.274
09-SEP-15,1088.5,1109.0825,1067.09
10-SEP-15,1080.35,1105.2575,1068.934
11-SEP-15,1090.7,1102.3425,1070.949
14-SEP-15,1097.75,1100.1375,1073.234
15-SEP-15,1098.4,1096.8675,1075.561
16-SEP-15,1101.5,1093.19,1078.447
18-SEP-15,1104.75,1091.5175,1081.788
21-SEP-15,1104.65,1089.22,1085.141
22-SEP-15,1105.5,1089.8625,1088.25
23-SEP-15,1116.65,1091.37,1091.181
24-SEP-15,1141.4,1095.1725,1094.356
28-SEP-15,1108.2,1096.3775,1096.764
29-SEP-15,1121.1,1096.8975,1099.146
30-SEP-15,1160.45,1100.16,1102.317
01-OCT-15,1173.25,1104.34,1103.529
05-OCT-15,1180.5,1108.35,1105.087
06-OCT-15,1154.85,1111.06,1106.207
07-OCT-15,1133.15,1114.0275,1107.083
08-OCT-15,1132.45,1117.67,1108.432
09-OCT-15,1167.85,1123.0975,1110.519
12-OCT-15,1122.5,1124.7975,1111.265
13-OCT-15,1098.65,1125.7125,1111.856
14-OCT-15,1097.45,1126.05,1112.244
15-OCT-15,1097,1126.0125,1112.603
16-OCT-15,1093.75,1125.78,1113.282
19-OCT-15,1112.2,1126.315,1113.795
20-OCT-15,1125.35,1127.345,1114.513
21-OCT-15,1137.6,1128.9925,1115.353
23-OCT-15,1148.55,1131.145,1116.685
26-OCT-15,1151.4,1132.8825,1117.626
27-OCT-15,1148.45,1133.235,1117.76
28-OCT-15,1151.35,1135.3925,1117.65
29-OCT-15,1142.7,1136.4725,1117.524
30-OCT-15,1136.05,1135.2525,1117.408
02-NOV-15,1131.55,1133.1675,1116.763
03-NOV-15,1143,1131.2925,1116.122
04-NOV-15,1137.05,1130.4025,1116.099
05-NOV-15,1122.45,1129.8675,1115.536
06-NOV-15,1138.05,1130.1475,1116.444
09-NOV-15,1133.95,1128.4525,1117.393
10-NOV-15,1106.4,1127.6475,1118.214
11-NOV-15,1109.15,1128.1725,1118.715
13-NOV-15,1100.45,1128.3225,1118.51
16-NOV-15,1080.2,1127.4825,1118.21
17-NOV-15,1061.1,1125.85,1117.639
18-NOV-15,1019.85,1121.2325,1116.03
19-NOV-15,1047.3,1117.33,1114.963
20-NOV-15,1052.9,1113.095,1114.545
23-NOV-15,1053.5,1108.3425,1114.423
24-NOV-15,1041,1102.8225,1114.057
26-NOV-15,1053.2,1098.06,1113.351
27-NOV-15,1066.3,1093.8075,1113.07
30-NOV-15,1088.45,1091.095,1113.025
01-DEC-15,1076.65,1088.125,1112.603
02-DEC-15,1060.2,1084.5575,1111.839
03-DEC-15,1056,1080.2075,1110.929
04-DEC-15,1047.8,1075.745,1109.79
07-DEC-15,1045.85,1071.915,1108.614
08-DEC-15,1044.95,1067.26,1107.403
09-DEC-15,1029.35,1062.03,1105.657
10-DEC-15,1046.4,1059.03,1103.757
11-DEC-15,1052.35,1056.19,1102.64
14-DEC-15,1069.5,1054.6425,1101.608
15-DEC-15,1076.9,1054.4775,1099.937
16-DEC-15,1095.4,1056.1925,1098.38
17-DEC-15,1106.95,1060.5475,1096.909
18-DEC-15,1085.95,1062.48,1095.531
21-DEC-15,1102,1064.935,1094.908
22-DEC-15,1083.6,1066.44,1093.931
23-DEC-15,1098,1069.29,1092.534
24-DEC-15,1095.85,1071.4225,1092.001
28-DEC-15,1101.65,1073.19,1092.061
29-DEC-15,1103.75,1073.955,1092.187
30-DEC-15,1086.05,1074.425,1091.968
31-DEC-15,1104.55,1076.6425,1092.184
01-JAN-16,1103.15,1079,1092.003
04-JAN-16,1080.6,1080.64,1091.108
05-JAN-16,1074.8,1082.0875,1089.852
06-JAN-16,1069.45,1083.3125,1088.27
07-JAN-16,1051.25,1084.4075,1086.267
08-JAN-16,1062.65,1085.22,1084.551
11-JAN-16,1057.1,1085.4575,1082.666
12-JAN-16,1050.05,1084.485,1080.813
13-JAN-16,1082.35,1084.7575,1079.739
14-JAN-16,1128.7,1086.4225,1079.682
15-JAN-16,1140.2,1088.085,1079.626
18-JAN-16,1131.95,1090.385,1079.524
19-JAN-16,1139.1,1092.24,1079.857
20-JAN-16,1121.65,1094.1425,1079.529
21-JAN-16,1136.5,1096.0675,1079.58
22-JAN-16,1135.9,1098.07,1080.17
25-JAN-16,1137.65,1099.87,1080.74
27-JAN-16,1138.35,1101.6,1081.498
28-JAN-16,1131.35,1103.865,1082.521
29-JAN-16,1164.85,1106.88,1084.596
01-FEB-16,1171.3,1110.2875,1087.625
02-FEB-16,1174.8,1114.9975,1090.175
03-FEB-16,1158.15,1119.165,1092.28
04-FEB-16,1179.9,1124.6875,1094.808
05-FEB-16,1174.95,1130.8725,1097.487
08-FEB-16,1149.1,1135.195,1099.405
09-FEB-16,1109.3,1137.805,1100.265
10-FEB-16,1110.15,1140.81,1100.699
11-FEB-16,1081.15,1140.75,1100.789
12-FEB-16,1083.5,1138.49,1101.255
15-FEB-16,1091.35,1136.0475,1101.962
16-FEB-16,1081,1133.5,1102.626
17-FEB-16,1095.45,1131.3175,1103.618
18-FEB-16,1122.7,1131.37,1105.173
19-FEB-16,1125.55,1130.8225,1107.097
22-FEB-16,1125.3,1130.2925,1108.675
23-FEB-16,1123.95,1129.6075,1110.107
24-FEB-16,1125.4,1128.96,1111.225
25-FEB-16,1111.25,1127.955,1111.912
26-FEB-16,1121.05,1125.765,1112.425
29-FEB-16,1083.75,1121.3875,1111.961
01-MAR-16,1124.5,1118.8725,1112.732
02-MAR-16,1156.25,1118.7775,1113.817
03-MAR-16,1169.15,1118.24,1115.528
04-MAR-16,1170.55,1118.02,1116.979
08-MAR-16,1163.55,1118.7425,1118.333
09-MAR-16,1178.5,1122.2025,1119.87
10-MAR-16,1145.95,1123.9925,1120.714
11-MAR-16,1142.5,1127.06,1121.843
14-MAR-16,1140.95,1129.9325,1122.571
15-MAR-16,1134.35,1132.0825,1123.195
16-MAR-16,1152,1135.6325,1124.623
17-MAR-16,1160.2,1138.87,1126.331
18-MAR-16,1190.2,1142.245,1128.746
21-MAR-16,1195,1145.7175,1131.621
22-MAR-16,1189.9,1148.9475,1134.166
23-MAR-16,1207.75,1153.1375,1137.179
28-MAR-16,1204.7,1157.1025,1140.272
29-MAR-16,1198.95,1161.4875,1142.604
30-MAR-16,1205.8,1165.725,1144.146
31-MAR-16,1217.95,1172.435,1145.701
01-APR-16,1205.9,1176.505,1147.18
04-APR-16,1243.55,1180.87,1149.269
05-APR-16,1218.6,1183.3425,1151.208
06-APR-16,1201.1,1184.87,1152.5
07-APR-16,1181.65,1185.775,1153.415
08-APR-16,1167.35,1185.2175,1154.009
11-APR-16,1184.4,1187.14,1154.93
12-APR-16,1182.3,1189.13,1155.949
13-APR-16,1172.05,1190.685,1156.093
18-APR-16,1238.8,1195.9075,1157.443
20-APR-16,1243.25,1200.47,1158.812
21-APR-16,1226.4,1203.78,1160.177
22-APR-16,1213.85,1204.9625,1160.856
25-APR-16,1217.05,1206.065,1161.698
26-APR-16,1232.95,1208.2175,1163.375
27-APR-16,1240,1209.83,1165.989
28-APR-16,1211.45,1210.1675,1168.015
29-APR-16,1210.85,1210.7625,1170.609
02-MAY-16,1200.65,1210.505,1172.952
03-MAY-16,1180.75,1208.645,1174.74
04-MAY-16,1189.55,1207.8275,1176.911
05-MAY-16,1192.45,1205.2725,1178.851
06-MAY-16,1181.45,1203.415,1180.026
09-MAY-16,1199.15,1203.3175,1181.498
10-MAY-16,1212.55,1204.8625,1183.243
11-MAY-16,1201.05,1206.5475,1184.785
12-MAY-16,1210.2,1207.8375,1186.481
13-MAY-16,1206.7,1209.0575,1188.39
16-MAY-16,1213.95,1211.1525,1190.248
17-MAY-16,1214.05,1209.915,1192.854
18-MAY-16,1209.75,1208.24,1194.559
19-MAY-16,1205.35,1207.1875,1195.541
20-MAY-16,1201.75,1206.5825,1196.193
23-MAY-16,1190.75,1205.2675,1196.597
24-MAY-16,1188.2,1203.03,1197.09
25-MAY-16,1208.85,1201.4725,1197.697
26-MAY-16,1231.65,1202.4825,1199.411
27-MAY-16,1246.4,1204.26,1201.489
30-MAY-16,1263.45,1207.4,1203.939
31-MAY-16,1249.85,1210.855,1206.249
01-JUN-16,1256.45,1214.2,1208.338
02-JUN-16,1260.25,1217.59,1210.339
03-JUN-16,1266.45,1221.84,1211.864
06-JUN-16,1267.1,1225.2375,1213.306
07-JUN-16,1257.2,1227.47,1214.652
08-JUN-16,1238.3,1229.3325,1215.263
09-JUN-16,1185.45,1228.095,1214.878
10-JUN-16,1180.8,1226.8,1214.515
13-JUN-16,1182.55,1225.23,1214.05
14-JUN-16,1175.2,1223.2875,1213.195
15-JUN-16,1189.2,1222.26,1212.861
16-JUN-16,1186.2,1221.3025,1211.714
17-JUN-16,1178.3,1220.13,1210.908
20-JUN-16,1208.6,1221.0225,1211.058
21-JUN-16,1205.9,1221.9075,1211.543
22-JUN-16,1198.55,1221.3925,1212.167
23-JUN-16,1211.55,1220.3875,1212.71
24-JUN-16,1194.5,1217.7925,1212.954
27-JUN-16,1166.25,1212.9325,1212.838
28-JUN-16,1161.05,1208.4925,1211.283
29-JUN-16,1176.55,1204.4975,1209.949
30-JUN-16,1170.75,1200.0225,1208.836
01-JUL-16,1172.1,1195.305,1208.001
04-JUL-16,1184.25,1191.1625,1207.345
05-JUL-16,1175.45,1187.075,1206.195
07-JUL-16,1157.2,1183.02,1204.539
08-JUL-16,1158.75,1181.685,1203.485
11-JUL-16,1174.85,1181.3875,1202.765
12-JUL-16,1176,1181.06,1202.272
13-JUL-16,1193.15,1181.9575,1202.52
14-JUL-16,1175.85,1181.29,1202.246
15-JUL-16,1072.25,1175.5925,1199.842
18-JUL-16,1081.7,1170.7625,1197.847
19-JUL-16,1086.3,1164.6475,1195.59
20-JUL-16,1083.05,1158.505,1193
21-JUL-16,1080.35,1152.595,1190.586
22-JUL-16,1072.65,1145.65,1187.835
25-JUL-16,1080.5,1139.95,1185.311
26-JUL-16,1088.8,1136.0775,1182.808
27-JUL-16,1087.55,1132.4025,1180.278
28-JUL-16,1079.2,1127.535,1177.667
29-JUL-16,1073.95,1122.695,1175.039
01-AUG-16,1085,1118.34,1172.704
02-AUG-16,1084.3,1113.3425,1170.575
03-AUG-16,1085,1108.82,1168.511
04-AUG-16,1072.15,1104.5675,1165.777
05-AUG-16,1067.4,1100,1162.492
08-AUG-16,1078.8,1095.1975,1159.14
09-AUG-16,1081.5,1090.4725,1155.501
10-AUG-16,1079.95,1084.8125,1152.103
11-AUG-16,1077.1,1079.875,1148.516
12-AUG-16,1063.3,1079.4275,1144.577
16-AUG-16,1050.95,1077.89,1140.267
17-AUG-16,1033.4,1075.245,1135.593
18-AUG-16,1024.3,1072.3075,1130.935
19-AUG-16,1021.1,1069.345,1126.591
22-AUG-16,1015.4,1066.4825,1123.19
23-AUG-16,1039.25,1064.42,1120.359
24-AUG-16,1057.55,1062.8575,1117.859
25-AUG-16,1036.55,1060.3075,1115.086
26-AUG-16,1020.75,1057.385,1111.717
29-AUG-16,1022.25,1054.8,1108.438
30-AUG-16,1041,1052.6,1105.692
31-AUG-16,1036.8,1050.225,1102.256
01-SEP-16,1037.65,1047.8575,1098.891
02-SEP-16,1031.05,1045.8025,1095.541
06-SEP-16,1045.1,1044.6875,1092.212
07-SEP-16,1055,1043.4975,1089.422
08-SEP-16,1037.9,1041.3175,1086.855
09-SEP-16,1036,1039.12,1084.354
12-SEP-16,1054,1037.965,1081.903
14-SEP-16,1047.1,1037.155,1079.43
15-SEP-16,1041.35,1036.675,1076.815
16-SEP-16,1060.35,1038.0225,1074.337
19-SEP-16,1061.15,1039.865,1072.051
20-SEP-16,1050.35,1041.3275,1069.914
21-SEP-16,1056.7,1043.3925,1067.873
22-SEP-16,1058.5,1044.355,1065.546
23-SEP-16,1043,1043.6275,1062.886
26-SEP-16,1035.7,1043.585,1059.737
27-SEP-16,1040.45,1044.57,1057.029
28-SEP-16,1038.6,1045.3875,1056.356
29-SEP-16,1029.9,1044.8325,1055.32
30-SEP-16,1038.1,1044.8975,1054.356
03-OCT-16,1037.85,1044.9075,1053.452
04-OCT-16,1048.8,1045.795,1052.821
05-OCT-16,1041.15,1045.5975,1052.191
06-OCT-16,1026.65,1044.18,1051.114
07-OCT-16,1012.65,1042.9175,1049.591
10-OCT-16,1029.55,1042.595,1048.431
13-OCT-16,1052.05,1042.4975,1047.888
14-OCT-16,1027.4,1041.5125,1046.957
17-OCT-16,1022.05,1040.5475,1045.698
18-OCT-16,1038.2,1039.44,1044.776
19-OCT-16,1041.6,1038.4625,1043.908
20-OCT-16,1036.95,1037.7925,1043.204
21-OCT-16,1038.1,1036.8625,1042.618
24-OCT-16,1029,1035.3875,1041.622
25-OCT-16,1017.35,1034.105,1040.339
26-OCT-16,1014.85,1033.0625,1039.037
27-OCT-16,1006.15,1031.3475,1037.618
28-OCT-16,997.45,1029.29,1036.301
30-OCT-16,1002.5,1027.92,1035.332
01-NOV-16,988.85,1025.4575,1034.441
02-NOV-16,981.1,1022.62,1033.577
03-NOV-16,966.9,1018.525,1032.493
04-NOV-16,970.8,1015.0075,1031.601
07-NOV-16,978.75,1012.6125,1030.391
08-NOV-16,982.8,1011.12,1028.896
09-NOV-16,955.85,1007.435,1027.282
10-NOV-16,938.6,1001.7625,1025.639
11-NOV-16,921.85,996.485,1023.631
15-NOV-16,924.75,991.62,1021.306
16-NOV-16,940.1,986.715,1019.372
17-NOV-16,929.55,981.1125,1017.21
18-NOV-16,919.8,975.255,1014.985
21-NOV-16,911.15,968.9075,1012.306
22-NOV-16,913.95,963.155,1009.485
23-NOV-16,920.5,958.3125,1007.137
24-NOV-16,932.7,954.205,1005.071
25-NOV-16,977.3,952.7625,1003.537
28-NOV-16,979.65,951.8725,1002.188
29-NOV-16,972.65,950.38,1000.814
30-NOV-16,975.45,949.71,999.116
01-DEC-16,976.05,949.4575,997.414
02-DEC-16,964.1,949.3175,995.689
05-DEC-16,961.4,948.8475,993.783
06-DEC-16,966.95,948.2575,991.952
07-DEC-16,966.6,947.4475,990.424
08-DEC-16,984.75,948.8925,989.405
09-DEC-16,987.35,951.33,988.343
12-DEC-16,977.5,954.1125,987.121
13-DEC-16,990.05,957.3775,986.324
14-DEC-16,999.05,960.325,985.543
15-DEC-16,993.25,963.51,984.651
16-DEC-16,1004.2,967.73,983.759
19-DEC-16,1002.2,972.2825,982.98
20-DEC-16,1010.4,977.105,982.655
21-DEC-16,1003.7,981.265,982.476
22-DEC-16,985.2,983.89,981.589
23-DEC-16,989.3,984.49,980.334
26-DEC-16,983,984.6575,979.446
27-DEC-16,999.25,985.9875,978.99
28-DEC-16,999.15,987.1725,978.209
29-DEC-16,994.1,988.075,977.259
30-DEC-16,1010.7,990.405,976.734
02-JAN-17,1001.6,992.415,976.004
03-JAN-17,994.65,993.8,975.317
04-JAN-17,998.3,995.385,974.936
05-JAN-17,996.4,995.9675,974.567
06-JAN-17,971.45,995.1725,973.873
09-JAN-17,970.55,994.825,973.335
10-JAN-17,970.6,993.8525,972.697
11-JAN-17,969,992.35,972.3
12-JAN-17,1000.05,992.69,972.679
13-JAN-17,975.15,991.2375,972.844
16-JAN-17,955.7,988.9125,972.542
17-JAN-17,956.05,986.195,972.088
18-JAN-17,950.9,983.555,971.45
19-JAN-17,958.55,982.2225,971.504
20-JAN-17,948.8,980.1975,971.708
23-JAN-17,951.75,978.635,972.306
24-JAN-17,945.1,975.9275,972.713
25-JAN-17,936.65,972.8025,972.644
27-JAN-17,942.15,970.205,972.896
30-JAN-17,948.35,967.0875,973.467
31-JAN-17,929.3,963.4725,973.83
01-FEB-17,916.55,959.5675,973.882
02-FEB-17,935.35,956.42,974.179
03-FEB-17,934.95,953.3475,974.224
06-FEB-17,934.45,951.4975,973.367
07-FEB-17,944.75,950.2075,972.669
08-FEB-17,936.45,948.5,971.945
09-FEB-17,948.1,947.455,971.398
10-FEB-17,968.05,945.855,971.238
13-FEB-17,983.5,946.2725,971.626
14-FEB-17,987.3,947.8525,972.144
15-FEB-17,982.35,949.1675,972.452
16-FEB-17,1011.9,952.2175,973.358
17-FEB-17,999.7,954.275,973.657
20-FEB-17,1011.7,957.42,974.144
21-FEB-17,1012.95,960.48,974.853
22-FEB-17,991.85,962.8175,974.889
23-FEB-17,1009.05,966.4375,975.089
27-FEB-17,1012.75,969.9675,975.479
28-FEB-17,1012.3,973.165,975.641
01-MAR-17,1025,977.95,976.097
02-MAR-17,1020.65,983.155,976.302
03-MAR-17,1031.15,987.945,976.851
06-MAR-17,1033.85,992.89,977.824
07-MAR-17,1019.7,997.1525,978.432
08-MAR-17,1007.25,1000.2775,978.917
09-MAR-17,1011.6,1004.035,979.164
10-MAR-17,1020.1,1007.635,979.583
14-MAR-17,1035,1010.9825,980.401
15-MAR-17,1012.1,1012.4125,980.429
16-MAR-17,1028.5,1014.4725,980.967
17-MAR-17,1040,1017.355,981.874
20-MAR-17,1020.6,1017.79,982.32
21-MAR-17,1032,1019.405,983.032
22-MAR-17,1027.8,1020.21,984.159
23-MAR-17,1040.6,1021.5925,985.56
24-MAR-17,1031.8,1023.59,986.784
27-MAR-17,1028.8,1024.5775,987.98
28-MAR-17,1035.1,1025.695,988.681
29-MAR-17,1031.35,1026.6475,989.805
30-MAR-17,1024.5,1026.6225,991.181
31-MAR-17,1020.8,1026.63,992.476
03-APR-17,1009.45,1025.545,993.647
05-APR-17,995.4,1023.6225,994.384
06-APR-17,999.15,1022.595,995.391
07-APR-17,981.25,1021.295,995.981
10-APR-17,952.95,1018.3625,996.138
11-APR-17,967.15,1015.715,996.748
12-APR-17,968.8,1012.405,997.281
13-APR-17,931.4,1008.37,996.942
17-APR-17,924.8,1003.185,996.852
18-APR-17,922.4,997.305,996.969
19-APR-17,918.8,992.215,996.638
20-APR-17,927.65,986.9975,996.492
21-APR-17,923.7,981.7925,996.277
24-APR-17,926.05,976.065,995.903
25-APR-17,929,970.925,995.754
26-APR-17,914.05,965.1875,995.073
27-APR-17,923.95,959.63,994.191
28-APR-17,919.4,954.0325,992.909
02-MAY-17,921,948.8575,991.583
03-MAY-17,935.65,944.6,990.649
04-MAY-17,936.3,940.9425,989.137
05-MAY-17,931.5,937.7475,987.773
08-MAY-17,945.45,935.0625,986.448
09-MAY-17,946.7,933.335,985.123
10-MAY-17,943.2,932.8475,984.15
11-MAY-17,943.85,931.6825,982.846
12-MAY-17,963.9,931.4375,981.869
15-MAY-17,951.95,932.465,980.662
16-MAY-17,956.5,934.05,979.292
17-MAY-17,952.2,935.54,977.923
18-MAY-17,961.7,937.685,976.534
19-MAY-17,957.9,939.1975,975.015
22-MAY-17,959.75,941,973.816
23-MAY-17,957.4,942.5675,972.819
24-MAY-17,953.55,943.795,971.658
25-MAY-17,981.9,947.1875,970.894
26-MAY-17,996.2,950.8,970.118
29-MAY-17,985.3,954.095,969.582
30-MAY-17,996.45,957.8675,968.941
31-MAY-17,976.95,959.9325,967.68
01-JUN-17,970.95,961.665,966.687
02-JUN-17,969.45,963.5625,965.436
05-JUN-17,960.2,964.3,964.084
06-JUN-17,979.45,965.9375,962.861
07-JUN-17,961.5,966.8525,961.455
08-JUN-17,956.3,967.475,960.005
09-JUN-17,948.65,966.7125,958.276
12-JUN-17,963.8,967.305,956.925
13-JUN-17,958.2,967.39,955.599
14-JUN-17,958.65,967.7125,954.356
15-JUN-17,952.3,967.2425,953.213
16-JUN-17,940.5,966.3725,952.115
19-JUN-17,929.45,964.8575,950.721
20-JUN-17,943.8,964.1775,949.972
21-JUN-17,943.95,963.6975,949.792
22-JUN-17,940.3,961.6175,949.255
23-JUN-17,943.35,958.975,948.746
27-JUN-17,926.35,956.0275,948.645
28-JUN-17,924.4,952.425,948.637
29-JUN-17,929.5,950.0525,948.779
30-JUN-17,935.65,948.2875,949.116
03-JUL-17,951.4,947.385,949.591
04-JUL-17,960.5,947.4,950.327
05-JUL-17,951.05,945.98,950.827
06-JUL-17,947.5,945.28,951.197
07-JUL-17,936,944.265,951.636
10-JUL-17,959.05,944.785,952.338
11-JUL-17,975.8,945.385,953.466
12-JUL-17,973.8,946.165,954.522
13-JUL-17,976.3,947.0475,955.335
14-JUL-17,972.05,948.035,956.05
17-JUL-17,985.35,950.2775,957.127
18-JUL-17,985.4,953.075,957.926
19-JUL-17,979.9,954.88,958.59
20-JUL-17,969,956.1325,959.106
21-JUL-17,979.9,958.1125,959.827
24-JUL-17,991.2,960.505,960.373
25-JUL-17,994.15,963.895,961.217
26-JUL-17,993.75,967.3625,961.962
27-JUL-17,972.3,969.5025,962.364
28-JUL-17,997.85,972.6125,963.087
31-JUL-17,1011.3,975.6075,964.155
01-AUG-17,1005,977.8325,965.06
02-AUG-17,992.45,979.9025,965.761
03-AUG-17,983.6,981.7075,966.362
04-AUG-17,985.35,984.175,966.431
07-AUG-17,968.15,984.63,965.87
08-AUG-17,964.6,984.07,965.456
09-AUG-17,969.45,983.8525,964.916
10-AUG-17,982.5,984.1625,965.027
11-AUG-17,987.75,984.9475,965.363
14-AUG-17,979.45,984.6525,965.563
16-AUG-17,976.8,984.2225,965.895
17-AUG-17,1021.15,986.285,966.729
18-AUG-17,923.1,983.99,965.961
21-AUG-17,873.5,978.67,964.305
22-AUG-17,877.15,972.9675,962.875
23-AUG-17,894.5,967.985,961.489
24-AUG-17,912.5,963.9225,960.575
28-AUG-17,941.15,962.365,960.225
29-AUG-17,927.55,958.85,959.73
30-AUG-17,926.65,954.6175,959.453
31-AUG-17,915.3,950.1325,959.17
01-SEP-17,920.1,946.515,958.696
04-SEP-17,901.3,942.4,957.843
05-SEP-17,901.1,938.1875,957.059
06-SEP-17,895.7,934.565,956.106
07-SEP-17,895.55,931.1125,955.49
08-SEP-17,884.4,926.86,954.69
11-SEP-17,878.55,921.6625,953.671
12-SEP-17,883.85,916.4675,952.635
13-SEP-17,883.55,911.6725,951.278
14-SEP-17,892.3,907.4475,949.914
15-SEP-17,908.6,901.82,949.065
18-SEP-17,908.45,901.0875,948.284
19-SEP-17,911.3,902.9775,947.79
20-SEP-17,912,904.72,946.849
21-SEP-17,909.55,905.4725,945.524
22-SEP-17,898.05,904.75,944.009
25-SEP-17,896.65,902.525,942.416
26-SEP-17,906.45,901.47,941.104
27-SEP-17,898.65,900.07,939.37
28-SEP-17,895.7,899.09,937.576
29-SEP-17,898.75,898.0225,935.953
03-OCT-17,903.95,898.155,934.652
04-OCT-17,899.8,898.09,933.05
05-OCT-17,903.1,898.46,931.288
06-OCT-17,919.45,899.655,929.794
09-OCT-17,923.65,901.6175,928.392
10-OCT-17,935.6,904.47,927.658
11-OCT-17,930.6,906.8075,926.313
12-OCT-17,927.15,908.9875,924.63
13-OCT-17,931.9,910.9675,923.168
16-OCT-17,939.3,912.5025,922.105
17-OCT-17,931.45,913.6525,921.062
18-OCT-17,924.45,914.31,919.844
19-OCT-17,927.1,915.065,919.023
23-OCT-17,939.65,916.57,918.524
24-OCT-17,926.75,918.005,917.67
25-OCT-17,935.4,919.9425,916.728
26-OCT-17,947.5,921.995,915.923
27-OCT-17,947.45,924.435,915.283
30-OCT-17,944.65,926.8825,914.64
31-OCT-17,921.65,928.0275,912.65
01-NOV-17,926.25,929.1425,912.713
02-NOV-17,922.9,930.2975,913.701
03-NOV-17,926.65,931.475,914.691
06-NOV-17,928.6,931.9325,915.373
07-NOV-17,955.7,933.535,916.237
08-NOV-17,951.95,934.3525,916.453
09-NOV-17,954.6,935.5525,916.994
10-NOV-17,960.6,937.225,917.673
13-NOV-17,951.8,938.22,918.403
14-NOV-17,949.45,938.7275,918.99
15-NOV-17,951.95,939.7525,920.003
16-NOV-17,988.6,942.96,921.753
17-NOV-17,970.95,945.1525,923.258
20-NOV-17,961.35,946.2375,924.574
21-NOV-17,966.4,948.22,926.214
22-NOV-17,966.3,949.765,927.969
23-NOV-17,991.4,951.96,930.12
24-NOV-17,1009.95,955.085,932.648
27-NOV-17,997.5,957.7275,934.752
28-NOV-17,984.5,960.87,936.27
29-NOV-17,983.3,963.7225,937.767
30-NOV-17,974.95,966.325,939.04
01-DEC-17,958.5,967.9175,939.97
04-DEC-17,985.3,970.7525,941.485
05-DEC-17,984.4,972.1875,943.212
06-DEC-17,990.4,974.11,945.087
07-DEC-17,1000.1,976.385,946.96
08-DEC-17,1001.55,978.4325,949.018
11-DEC-17,1003.5,981.0175,951.174
12-DEC-17,1011.1,984.1,953.421
13-DEC-17,1003.45,986.675,955.411
14-DEC-17,1012.45,987.8675,957.664
15-DEC-17,1023.45,990.4925,960.071
18-DEC-17,1015.35,993.1925,961.989
19-DEC-17,1004.8,995.1125,963.612
20-DEC-17,1013.3,997.4625,965.166
21-DEC-17,1021.55,998.97,966.985
22-DEC-17,1038.4,1000.3925,969.21
26-DEC-17,1034.35,1002.235,971.259
27-DEC-17,1034.05,1004.7125,973.154
28-DEC-17,1034,1007.2475,975.205
29-DEC-17,1039.3,1010.465,977.502
01-JAN-18,1034.55,1014.2675,979.651
02-JAN-18,1029.5,1016.4775,981.448
03-JAN-18,1019.1,1018.2125,983.295
04-JAN-18,1015.3,1019.4575,984.893
05-JAN-18,1012.1,1020.0575,986.185
08-JAN-18,1035.65,1021.7625,987.949
09-JAN-18,1041.3,1023.6525,989.882
10-JAN-18,1051.6,1025.6775,992.481
11-JAN-18,1075.6,1029.285,995.468
12-JAN-18,1078.4,1032.5825,998.578
15-JAN-18,1080.4,1035.43,1001.653
16-JAN-18,1122.9,1040.8075,1005.539
17-JAN-18,1152.25,1048.18,1009.47
18-JAN-18,1152.75,1055.1525,1013.486
19-JAN-18,1143.25,1061.2375,1017.259
22-JAN-18,1150.3,1066.8325,1021.053
23-JAN-18,1175.2,1073.875,1025.521
24-JAN-18,1185.15,1081.43,1030.235
25-JAN-18,1170.8,1088.27,1034.612
29-JAN-18,1181.5,1095.38,1038.47
30-JAN-18,1169.7,1102.1375,1042.445
31-JAN-18,1150.65,1108.195,1046.231
01-FEB-18,1144.5,1114.465,1049.793
02-FEB-18,1141.7,1120.785,1053.301
05-FEB-18,1138.3,1127.095,1056.239
06-FEB-18,1108.45,1130.735,1058.209
07-FEB-18,1108.75,1134.1075,1060.434
08-FEB-18,1134.55,1138.255,1063.435
09-FEB-18,1111.8,1140.065,1066.005
12-FEB-18,1103.8,1141.335,1068.582
14-FEB-18,1098.05,1142.2175,1071.373
15-FEB-18,1114.15,1141.78,1073.95
16-FEB-18,1124.85,1140.41,1076.759
19-FEB-18,1130,1139.2725,1079.551
20-FEB-18,1134.7,1138.845,1082.243
21-FEB-18,1148.7,1138.765,1085.186
22-FEB-18,1160.5,1138.03,1088.326
23-FEB-18,1155.65,1136.555,1091.217
26-FEB-18,1141.05,1135.0675,1093.969
27-FEB-18,1148.3,1133.4075,1096.686
28-FEB-18,1174.25,1133.635,1099.702
01-MAR-18,1160.25,1134.115,1102.6
05-MAR-18,1153.1,1134.545,1105.566
06-MAR-18,1146.85,1134.8025,1108.237
07-MAR-18,1142.8,1135.0275,1110.662
08-MAR-18,1156.7,1137.44,1113.028
09-MAR-18,1163.4,1140.1725,1115.609
12-MAR-18,1185.85,1142.7375,1118.645
13-MAR-18,1180.55,1146.175,1121.576
14-MAR-18,1180.2,1149.995,1124.394
15-MAR-18,1182.15,1154.2,1127.346
16-MAR-18,1172.5,1157.1175,1130.206
19-MAR-18,1147.15,1158.2325,1132.767
20-MAR-18,1162.1,1159.8375,1135.703
21-MAR-18,1168.6,1161.5325,1138.833
22-MAR-18,1158.8,1162.0375,1141.296
23-MAR-18,1167.45,1162.385,1143.819
26-MAR-18,1154.3,1162.3175,1145.873
27-MAR-18,1152.8,1162.905,1147.417
28-MAR-18,1134.4,1162.21,1148.537
02-APR-18,1137.5,1160.3725,1149.679
03-APR-18,1140.05,1159.3625,1150.022
04-APR-18,1124.55,1157.935,1149.468
05-APR-18,1145,1157.8425,1149.313
06-APR-18,1129.3,1157.1675,1149.034
09-APR-18,1110.95,1154.88,1148.247
10-APR-18,1114.15,1152.4175,1147.026
11-APR-18,1123.9,1149.32,1145.801
12-APR-18,1162.25,1148.405,1145.63
13-APR-18,1169,1147.845,1145.38
16-APR-18,1132.8,1145.3775,1144.642
17-APR-18,1125,1143.0025,1144.129
18-APR-18,1125.45,1141.9175,1143.748
19-APR-18,1132.7,1140.4475,1143.568
20-APR-18,1178.25,1140.93,1144.367
23-APR-18,1183.35,1142.1575,1145.865
24-APR-18,1153.9,1141.48,1146.768
25-APR-18,1160.9,1141.81,1147.295
26-APR-18,1175.65,1142.9525,1148.572
27-APR-18,1185.15,1145.49,1150.199
30-APR-18,1199.4,1148.585,1152.226
02-MAY-18,1197.8,1151.4725,1153.899
03-MAY-18,1181.85,1154.3375,1155.039
04-MAY-18,1172.9,1155.7325,1155.897
07-MAY-18,1183.35,1158.435,1156.87
08-MAY-18,1165.35,1161.155,1157.203
09-MAY-18,1171.25,1164.01,1157.418
10-MAY-18,1167.55,1166.1925,1157.656
11-MAY-18,1181,1167.13,1158.455
14-MAY-18,1189.6,1168.16,1159.281
15-MAY-18,1192.55,1171.1475,1159.647
16-MAY-18,1190.05,1174.4,1160.243
17-MAY-18,1184.95,1177.375,1160.88
18-MAY-18,1183.75,1179.9275,1161.618
21-MAY-18,1182.6,1180.145,1162.414
22-MAY-18,1193.55,1180.655,1163.151
23-MAY-18,1185.25,1182.2225,1163.588
24-MAY-18,1221.85,1185.27,1164.308
25-MAY-18,1228.8,1187.9275,1165.273
28-MAY-18,1214.5,1189.395,1165.959
29-MAY-18,1216.65,1190.2575,1166.649
30-MAY-18,1214.1,1191.0725,1167.481
31-MAY-18,1231.9,1193.575,1169.176
01-JUN-18,1220.25,1195.9425,1170.339
04-JUN-18,1239.6,1198.755,1171.759
05-JUN-18,1221.2,1201.5475,1173.007
06-JUN-18,1235.6,1204.765,1174.37
07-JUN-18,1250.8,1208.9275,1176.3
08-JUN-18,1259.75,1212.865,1178.439
11-JUN-18,1263.05,1216.5375,1181.012
12-JUN-18,1258.4,1219.83,1183.43
13-JUN-18,1276.1,1224.1325,1186.151
14-JUN-18,1238.7,1226.82,1188.434
15-JUN-18,1280.45,1231.655,1191.143
18-JUN-18,1266.5,1235.85,1193.887
19-JUN-18,1244.05,1238.375,1196.549
20-JUN-18,1243.35,1241.28,1199.133
21-JUN-18,1246.35,1242.505,1201.582
22-JUN-18,1246.45,1243.3875,1203.266
25-JUN-18,1272.3,1246.2775,1205.332
26-JUN-18,1277.85,1249.3375,1208.233
27-JUN-18,1269.2,1252.0925,1211.117
28-JUN-18,1288.85,1254.94,1214.385
29-JUN-18,1306.75,1259.265,1217.866
02-JUL-18,1334.45,1264.0075,1220.99
03-JUL-18,1353.65,1270.63,1224.396
04-JUL-18,1344.6,1276.08,1228.21
05-JUL-18,1284.5,1277.765,1230.682
06-JUL-18,1284.5,1279.0025,1232.859
09-JUL-18,1299.15,1280.8075,1235.139
10-JUL-18,1302.5,1283.0125,1237.201
11-JUL-18,1320.35,1285.225,1239.652
12-JUL-18,1294.6,1288.02,1241.907
13-JUL-18,1309.1,1289.4525,1244.631
16-JUL-18,1333.05,1292.78,1247.625
17-JUL-18,1327.4,1296.9475,1250.866
18-JUL-18,1322.4,1300.9,1253.889
19-JUL-18,1316.55,1304.41,1256.869
20-JUL-18,1348.35,1309.505,1260.216
23-JUL-18,1355.75,1313.6775,1263.539
24-JUL-18,1376,1318.585,1267.208
25-JUL-18,1383.7,1324.31,1271.081
26-JUL-18,1375.2,1328.6275,1274.886
27-JUL-18,1374.55,1332.0175,1278.702
30-JUL-18,1353.15,1332.9525,1282.113
31-JUL-18,1365,1333.52,1285.542
