"TCS_DATE","CLOSE_PRICE","TWENTY_DAY_MA","FIFTY_DAY_MA"
01-JAN-15,2548.2,2548.2,2548.2
02-JAN-15,2570.85,2559.525,2559.525
05-JAN-15,2537.9,2552.316666666666666666666666666666666667,2552.316666666666666666666666666666666667
06-JAN-15,2446.55,2525.875,2525.875
07-JAN-15,2416.8,2504.06,2504.06
08-JAN-15,2443.85,2494.025,2494.025
09-JAN-15,2512.2,2496.621428571428571428571428571428571429,2496.621428571428571428571428571428571429
12-JAN-15,2512.05,2498.55,2498.55
13-JAN-15,2498.3,2498.522222222222222222222222222222222222,2498.522222222222222222222222222222222222
14-JAN-15,2518.15,2500.485,2500.485
15-JAN-15,2545,2504.531818181818181818181818181818181818,2504.531818181818181818181818181818181818
16-JAN-15,2531.9,2506.8125,2506.8125
19-JAN-15,2509.75,2507.038461538461538461538461538461538462,2507.038461538461538461538461538461538462
20-JAN-15,2499.55,2506.503571428571428571428571428571428571,2506.503571428571428571428571428571428571
21-JAN-15,2511.35,2506.826666666666666666666666666666666667,2506.826666666666666666666666666666666667
22-JAN-15,2512.75,2507.196875,2507.196875
23-JAN-15,2501.7,2506.873529411764705882352941176470588235,2506.873529411764705882352941176470588235
27-JAN-15,2502.8,2506.647222222222222222222222222222222222,2506.647222222222222222222222222222222222
28-JAN-15,2534.7,2508.123684210526315789473684210526315789,2508.123684210526315789473684210526315789
29-JAN-15,2541.35,2509.785,2509.785
30-JAN-15,2481,2506.425,2508.414285714285714285714285714285714286
02-FEB-15,2512.8,2503.5225,2508.613636363636363636363636363636363636
03-FEB-15,2554.8,2504.3675,2510.621739130434782608695652173913043478
04-FEB-15,2514,2507.74,2510.7625
05-FEB-15,2551.9,2514.495,2512.408
06-FEB-15,2576,2521.1025,2514.853846153846153846153846153846153846
09-FEB-15,2515.15,2521.25,2514.864814814814814814814814814814814815
10-FEB-15,2442.95,2517.795,2512.296428571428571428571428571428571429
11-FEB-15,2460.15,2515.8875,2510.498275862068965517241379310344827586
12-FEB-15,2462.8,2513.12,2508.908333333333333333333333333333333333
13-FEB-15,2538.65,2512.8025,2509.867741935483870967741935483870967742
16-FEB-15,2585.25,2515.47,2512.2234375
18-FEB-15,2633.9,2521.6775,2515.910606060606060606060606060606060606
19-FEB-15,2679.7,2530.685,2520.727941176470588235294117647058823529
20-FEB-15,2674.85,2538.86,2525.131428571428571428571428571428571429
23-FEB-15,2695.05,2547.975,2529.851388888888888888888888888888888889
24-FEB-15,2707.15,2558.2475,2534.643243243243243243243243243243243243
25-FEB-15,2671.3,2566.6725,2538.239473684210526315789473684210526316
26-FEB-15,2656.35,2572.755,2541.267948717948717948717948717948717949
27-FEB-15,2663.75,2578.875,2544.33
28-FEB-15,2675.3,2588.59,2547.52439024390243902439024390243902439
02-MAR-15,2670.15,2596.4575,2550.444047619047619047619047619047619048
03-MAR-15,2774.7,2607.4525,2555.659302325581395348837209302325581395
04-MAR-15,2743.4,2618.9225,2559.926136363636363636363636363636363636
05-MAR-15,2696.35,2626.145,2562.957777777777777777777777777777777778
09-MAR-15,2643.15,2629.5025,2564.701086956521739130434782608695652174
10-MAR-15,2642.8,2635.885,2566.362765957446808510638297872340425532
11-MAR-15,2609.35,2644.205,2567.258333333333333333333333333333333333
12-MAR-15,2619,2652.1475,2568.314285714285714285714285714285714286
13-MAR-15,2581.05,2658.06,2568.569
16-MAR-15,2565.35,2659.395,2568.912
17-MAR-15,2580.9,2659.1775,2569.113
18-MAR-15,2560.7,2655.5175,2569.569
19-MAR-15,2594.4,2651.2525,2572.526
20-MAR-15,2609.65,2647.9925,2576.383
23-MAR-15,2610.55,2643.7675,2579.717
24-MAR-15,2593.55,2638.0875,2581.344
25-MAR-15,2573.1,2633.1775,2582.565
26-MAR-15,2513.35,2626.0275,2582.866
27-MAR-15,2516.2,2618.65,2582.827
30-MAR-15,2557.25,2612.7475,2583.072
31-MAR-15,2547.05,2606.5925,2583.375
01-APR-15,2543.4,2595.0275,2584.048
06-APR-15,2546,2585.1575,2584.977
07-APR-15,2586.1,2579.645,2586.472
08-APR-15,2644.35,2579.705,2589.104
09-APR-15,2661.15,2580.6225,2592.293
10-APR-15,2651.95,2582.7525,2595.276
13-APR-15,2650.25,2584.315,2597.587
15-APR-15,2624.7,2586.4975,2599.254
16-APR-15,2585.2,2587.49,2601.338
17-APR-15,2476.2,2582.255,2600.606
20-APR-15,2430.65,2575.7525,2598.123
21-APR-15,2426.85,2567.375,2596.38
22-APR-15,2447.9,2559.2875,2594.3
23-APR-15,2456.85,2551.6025,2591.917
24-APR-15,2496.9,2546.77,2591.552
27-APR-15,2500.3,2543.13,2592.699
28-APR-15,2494.55,2542.19,2593.387
29-APR-15,2485.65,2540.6625,2593.844
30-APR-15,2466.65,2536.1325,2592.404
04-MAY-15,2479.1,2532.735,2590.281
05-MAY-15,2519.25,2531.5275,2587.988
06-MAY-15,2462.85,2527.37,2583.651
07-MAY-15,2543.3,2525.23,2581.02
08-MAY-15,2530.7,2519.5475,2577.733
11-MAY-15,2555.8,2514.28,2574.706
12-MAY-15,2521.2,2507.7425,2571.704
13-MAY-15,2519.95,2501.2275,2568.976
14-MAY-15,2499.95,2494.99,2565.7
15-MAY-15,2509.65,2491.2125,2562.387
18-MAY-15,2519.35,2493.37,2559.371
19-MAY-15,2511.95,2497.435,2554.116
20-MAY-15,2557.55,2503.97,2550.399
21-MAY-15,2557.65,2509.4575,2547.625
22-MAY-15,2619.55,2517.5925,2547.153
25-MAY-15,2601.4,2522.8175,2546.325
26-MAY-15,2606.35,2528.12,2546.265
27-MAY-15,2616.55,2534.22,2546.216
28-MAY-15,2609.95,2540.435,2546.794
29-MAY-15,2610.6,2547.6325,2547.699
01-JUN-15,2616.4,2554.4975,2548.409
02-JUN-15,2600.45,2558.5575,2549.204
03-JUN-15,2610.75,2565.9525,2549.531
04-JUN-15,2606.2,2569.0975,2549.462
05-JUN-15,2572.35,2571.18,2548.698
08-JUN-15,2578.65,2572.3225,2548.4
09-JUN-15,2558.1,2574.1675,2548.1
10-JUN-15,2602.05,2578.2725,2549.874
11-JUN-15,2571,2581.825,2550.97
12-JUN-15,2512.05,2581.945,2550.066
15-JUN-15,2511.8,2581.5675,2549.361
16-JUN-15,2511.05,2581.5225,2548.714
17-JUN-15,2514.95,2579.3925,2548.093
18-JUN-15,2528.55,2577.9375,2546.942
19-JUN-15,2551.1,2574.515,2545.077
22-JUN-15,2595.7,2574.23,2543.768
23-JUN-15,2577.7,2572.7975,2542.283
24-JUN-15,2568.4,2570.39,2540.646
25-JUN-15,2551.75,2567.48,2539.187
26-JUN-15,2594.05,2566.6525,2539.364
29-JUN-15,2593.55,2565.51,2541.711
30-JUN-15,2552.2,2563.0975,2544.142
01-JUL-15,2591.8,2562.15,2547.441
02-JUL-15,2580.85,2560.8825,2550.1
03-JUL-15,2604.8,2562.505,2553.059
06-JUL-15,2632.8,2565.2125,2555.777
07-JUL-15,2619.05,2568.26,2558.152
08-JUL-15,2594.05,2567.86,2560.142
09-JUL-15,2521.4,2565.38,2560.857
10-JUL-15,2471.9,2563.3725,2560.962
13-JUL-15,2508.6,2563.2125,2561.552
14-JUL-15,2499.5,2562.635,2561.157
15-JUL-15,2546.25,2564.2,2562.825
16-JUL-15,2538.15,2564.68,2562.722
17-JUL-15,2559.35,2565.0925,2563.295
20-JUL-15,2579.55,2564.285,2563.77
21-JUL-15,2562.85,2563.5425,2564.603
22-JUL-15,2528.1,2561.5275,2564.766
23-JUL-15,2487.95,2558.3375,2564.526
24-JUL-15,2503.75,2553.8225,2564.408
27-JUL-15,2496.9,2548.99,2563.959
28-JUL-15,2501.5,2546.455,2563.75
29-JUL-15,2508.1,2542.27,2562.761
30-JUL-15,2480.95,2537.275,2561.227
31-JUL-15,2510,2532.535,2559.036
03-AUG-15,2507.95,2526.2925,2557.167
04-AUG-15,2509.3,2520.805,2555.226
05-AUG-15,2541.65,2518.185,2553.728
06-AUG-15,2574.3,2520.83,2553.015
07-AUG-15,2551.7,2524.82,2551.837
10-AUG-15,2570.8,2527.93,2550.925
11-AUG-15,2603.05,2533.1075,2550.977
12-AUG-15,2671.4,2539.365,2552.19
13-AUG-15,2637.4,2544.3275,2552.814
14-AUG-15,2693.65,2551.0425,2555.24
17-AUG-15,2684.75,2556.3025,2557.362
18-AUG-15,2734.6,2564.89,2560.892
19-AUG-15,2731.4,2575.055,2563.479
20-AUG-15,2691.2,2585.2175,2565.883
21-AUG-15,2675.1,2593.785,2569.144
24-AUG-15,2579.2,2597.9,2570.492
25-AUG-15,2567.35,2601.1925,2571.618
26-AUG-15,2576.75,2604.625,2572.854
27-AUG-15,2577.6,2609.4575,2573.835
28-AUG-15,2570.65,2612.49,2574.226
31-AUG-15,2565.25,2615.355,2573.617
01-SEP-15,2538.8,2616.83,2572.839
02-SEP-15,2593.2,2619.4075,2573.335
03-SEP-15,2605.25,2620.955,2574.405
04-SEP-15,2549.45,2620.8425,2573.513
07-SEP-15,2539.5,2619.2775,2572.432
08-SEP-15,2542.1,2616.23,2572.23
09-SEP-15,2550.65,2610.1925,2571.407
10-SEP-15,2542.35,2605.44,2570.637
11-SEP-15,2545.5,2598.0325,2569.451
14-SEP-15,2550.75,2591.3325,2567.81
15-SEP-15,2543.15,2581.76,2566.292
16-SEP-15,2551.15,2572.7475,2565.434
18-SEP-15,2554.15,2565.895,2566.089
21-SEP-15,2550.7,2559.675,2567.665
22-SEP-15,2526.35,2557.0325,2568.02
23-SEP-15,2534.05,2555.3675,2568.711
24-SEP-15,2575.6,2555.31,2569.298
28-SEP-15,2590.35,2555.9475,2570.342
29-SEP-15,2590.2,2556.925,2570.959
30-SEP-15,2587.7,2558.0475,2571.122
01-OCT-15,2639.7,2563.0925,2572.659
05-OCT-15,2713.45,2569.105,2576.366
06-OCT-15,2695.7,2573.6275,2580.521
07-OCT-15,2655.1,2578.91,2583.548
08-OCT-15,2634.75,2583.6725,2586.305
09-OCT-15,2629.85,2588.06,2588.872
12-OCT-15,2592.4,2590.1475,2590.558
13-OCT-15,2597.4,2592.9,2592.887
14-OCT-15,2483.4,2589.795,2592.355
15-OCT-15,2468.65,2585.69,2591.569
16-OCT-15,2475.95,2582.33,2590.902
19-OCT-15,2486.85,2579.115,2589.806
20-OCT-15,2526.7,2577.7425,2588.854
21-OCT-15,2525.5,2576.4825,2588.33
23-OCT-15,2536.2,2576.975,2587.638
26-OCT-15,2535.2,2577.0325,2586.281
27-OCT-15,2529.8,2574.7425,2583.449
28-OCT-15,2524.65,2571.4575,2581.194
29-OCT-15,2496.15,2566.755,2577.244
30-OCT-15,2497.3,2562.235,2573.495
02-NOV-15,2511.2,2555.81,2569.027
03-NOV-15,2542.6,2547.2675,2565.251
04-NOV-15,2529.45,2538.955,2562.016
05-NOV-15,2490.75,2530.7375,2558.329
06-NOV-15,2505.75,2524.2875,2556.86
09-NOV-15,2475.05,2516.5475,2555.014
10-NOV-15,2461.7,2510.0125,2552.713
11-NOV-15,2470.55,2503.67,2550.572
13-NOV-15,2397.3,2499.365,2547.105
16-NOV-15,2374.9,2494.6775,2543.298
17-NOV-15,2390.5,2490.405,2540.332
18-NOV-15,2351.9,2483.6575,2535.506
19-NOV-15,2363.2,2475.4825,2530.665
20-NOV-15,2395.55,2468.985,2527.587
23-NOV-15,2391.7,2461.76,2524.631
24-NOV-15,2370.1,2453.505,2521.191
26-NOV-15,2345.15,2444.2725,2517.081
27-NOV-15,2352.65,2435.6725,2513.287
30-NOV-15,2365.25,2429.1275,2509.682
01-DEC-15,2362.15,2422.37,2505.91
02-DEC-15,2365.25,2415.0725,2502.352
03-DEC-15,2350.85,2405.485,2498.346
04-DEC-15,2330.15,2395.52,2493.866
07-DEC-15,2324.1,2387.1875,2489.334
08-DEC-15,2329.5,2378.375,2485.397
09-DEC-15,2365.7,2372.9075,2482.03
10-DEC-15,2380.75,2368.86,2478.133
11-DEC-15,2387.25,2364.695,2474.071
14-DEC-15,2377.45,2363.7025,2469.816
15-DEC-15,2375.2,2363.7175,2465.566
16-DEC-15,2407.1,2364.5475,2460.914
17-DEC-15,2440.35,2368.97,2455.452
18-DEC-15,2416.45,2371.6325,2449.867
21-DEC-15,2440.95,2373.9025,2445.584
22-DEC-15,2405.95,2374.615,2441.008
23-DEC-15,2420.4,2377.13,2436.819
24-DEC-15,2433.35,2381.54,2433.638
28-DEC-15,2458.5,2386.8325,2430.86
29-DEC-15,2451.95,2391.1675,2430.231
30-DEC-15,2418.4,2393.98,2429.226
31-DEC-15,2439.2,2397.6775,2428.491
01-JAN-16,2416.25,2400.9475,2427.079
04-JAN-16,2375.5,2403.215,2424.055
05-JAN-16,2350.35,2404.5275,2420.552
06-JAN-16,2381.2,2407.1125,2417.452
07-JAN-16,2370.05,2407.33,2414.149
08-JAN-16,2397.25,2408.155,2411.498
11-JAN-16,2363,2406.9425,2408.265
12-JAN-16,2324.05,2404.2725,2404.823
13-JAN-16,2280.3,2399.5275,2400.483
14-JAN-16,2278.95,2393.12,2395.838
15-JAN-16,2263.5,2384.2775,2390.256
18-JAN-16,2282.45,2377.5775,2385.316
19-JAN-16,2279,2369.48,2381.081
20-JAN-16,2277.6,2363.0625,2376.518
21-JAN-16,2261.2,2355.1025,2372.241
22-JAN-16,2295.25,2348.1975,2368.912
25-JAN-16,2305.95,2340.57,2365.62
27-JAN-16,2319.6,2333.9525,2364.066
28-JAN-16,2330.9,2329.5775,2363.186
29-JAN-16,2391.2,2327.1775,2363.2
01-FEB-16,2402.2,2326.475,2364.206
02-FEB-16,2401.5,2327.775,2364.972
03-FEB-16,2417.05,2331.11,2365.402
04-FEB-16,2417.45,2332.9225,2365.917
05-FEB-16,2425.85,2335.7125,2367.032
08-FEB-16,2368.5,2334.275,2367.499
09-FEB-16,2281.45,2330.1975,2366.075
10-FEB-16,2270.05,2327.4975,2364.171
11-FEB-16,2196.05,2323.285,2360.849
12-FEB-16,2226.5,2320.6625,2358.074
15-FEB-16,2269.55,2320.965,2356.448
16-FEB-16,2267.75,2320.23,2355.2
17-FEB-16,2278,2320.18,2354.278
18-FEB-16,2315.3,2322.065,2353.994
19-FEB-16,2320.2,2325.015,2353.084
22-FEB-16,2314.2,2325.9625,2351.753
23-FEB-16,2265.1,2323.92,2349.31
24-FEB-16,2218.65,2318.8725,2346.134
25-FEB-16,2212.25,2312.94,2342.875
26-FEB-16,2214.7,2304.115,2339.027
29-FEB-16,2181.9,2293.1,2333.858
01-MAR-16,2275,2286.775,2331.029
02-MAR-16,2319.55,2281.9,2328.601
03-MAR-16,2377.3,2279.8925,2328.028
04-MAR-16,2359.05,2276.5525,2326.801
08-MAR-16,2354.4,2275.8475,2325.222
09-MAR-16,2356.2,2279.585,2323.176
10-MAR-16,2348,2283.4825,2321.097
11-MAR-16,2366,2291.98,2320.049
14-MAR-16,2352,2298.255,2318.305
15-MAR-16,2329.65,2301.26,2316.573
16-MAR-16,2327.35,2304.24,2315.61
17-MAR-16,2351.75,2307.9275,2315.638
18-MAR-16,2427.25,2313.525,2316.559
21-MAR-16,2443.65,2319.6975,2318.031
22-MAR-16,2474.05,2327.69,2319.567
23-MAR-16,2474.7,2338.17,2321.801
28-MAR-16,2473.55,2350.915,2324.791
29-MAR-16,2467.85,2363.695,2328.542
30-MAR-16,2488.35,2377.3775,2332.73
31-MAR-16,2516.05,2394.085,2337.781
01-APR-16,2455.4,2403.105,2341.24
04-APR-16,2470.7,2410.6625,2345.074
05-APR-16,2462.65,2414.93,2348.775
06-APR-16,2478.9,2420.9225,2353.129
07-APR-16,2470.95,2426.75,2356.643
08-APR-16,2428.7,2430.375,2359.098
11-APR-16,2506.65,2438.3075,2362.839
12-APR-16,2512.5,2445.6325,2366.471
13-APR-16,2523.15,2454.19,2369.11
18-APR-16,2522.4,2463.8275,2371.514
20-APR-16,2451.9,2470.055,2372.522
21-APR-16,2423.2,2473.6275,2372.645
22-APR-16,2417.2,2473.125,2372.64
25-APR-16,2448.3,2473.3575,2373.089
26-APR-16,2488,2474.055,2375.479
27-APR-16,2505.55,2475.5975,2379.961
28-APR-16,2526.95,2478.2675,2385.099
29-APR-16,2530.05,2481.3775,2391.779
02-MAY-16,2525.15,2483.2175,2397.752
03-MAY-16,2480.25,2481.4275,2401.966
04-MAY-16,2478.25,2482.57,2406.176
05-MAY-16,2474,2482.735,2410.096
06-MAY-16,2472.15,2483.21,2413.233
09-MAY-16,2515.35,2485.0325,2417.136
10-MAY-16,2523.6,2487.665,2421.324
11-MAY-16,2517.75,2492.1175,2426.377
12-MAY-16,2567.05,2495.1375,2433.345
13-MAY-16,2523.4,2495.6825,2439.568
16-MAY-16,2553.8,2497.215,2446.35
17-MAY-16,2570.2,2499.605,2454.116
18-MAY-16,2550.45,2504.5325,2459.625
19-MAY-16,2555.55,2511.15,2464.345
20-MAY-16,2532.05,2516.8925,2467.44
23-MAY-16,2491.7,2519.0625,2470.093
24-MAY-16,2467.5,2518.0375,2472.355
25-MAY-16,2526.7,2519.095,2475.765
26-MAY-16,2552.8,2520.3875,2479.861
27-MAY-16,2572.05,2522.4875,2483.982
30-MAY-16,2635.35,2527.9975,2489.649
31-MAY-16,2575.1,2532.74,2494.558
01-JUN-16,2631.85,2540.42,2500.648
02-JUN-16,2646.9,2549.065,2506.551
03-JUN-16,2630.85,2557,2510.623
06-JUN-16,2611.35,2561.8,2513.977
07-JUN-16,2631.45,2567.1925,2517.125
08-JUN-16,2611.1,2571.86,2519.853
09-JUN-16,2577.5,2572.3825,2521.932
10-JUN-16,2560.95,2574.26,2523.794
13-JUN-16,2551.95,2574.1675,2525.066
14-JUN-16,2534.7,2572.3925,2525.439
15-JUN-16,2555.7,2572.655,2527.445
16-JUN-16,2557.1,2572.7325,2529.173
17-JUN-16,2603.5,2576.305,2531.99
20-JUN-16,2655.7,2584.505,2535.526
21-JUN-16,2647.3,2593.495,2539.053
22-JUN-16,2665.5,2600.435,2543.789
23-JUN-16,2644.3,2605.01,2546.542
24-JUN-16,2570.7,2604.9425,2547.706
27-JUN-16,2495.35,2597.9425,2547.15
28-JUN-16,2461.8,2592.2775,2545.938
29-JUN-16,2499.6,2585.665,2546.892
30-JUN-16,2550.8,2580.86,2549.444
01-JUL-16,2501.8,2574.4075,2551.136
04-JUL-16,2494.8,2568.58,2552.066
05-JUL-16,2482.7,2561.1425,2551.96
07-JUL-16,2429.05,2552.04,2550.43
08-JUL-16,2425.5,2544.44,2548.401
11-JUL-16,2463.65,2539.575,2547.073
12-JUL-16,2461.5,2535.0525,2545.8
13-JUL-16,2491.4,2532.8875,2546.023
14-JUL-16,2520.3,2531.1175,2546.864
15-JUL-16,2441.9,2525.3575,2546.222
18-JUL-16,2433.5,2516.8575,2545.449
19-JUL-16,2461.55,2507.15,2544.373
20-JUL-16,2493.25,2499.4475,2543.766
21-JUL-16,2501.25,2491.235,2543.436
22-JUL-16,2509.15,2484.4775,2542.278
25-JUL-16,2551.55,2483.52,2542.841
26-JUL-16,2548.3,2486.1675,2542.731
27-JUL-16,2576.1,2491.8825,2542.849
28-JUL-16,2615.55,2497.68,2544.151
29-JUL-16,2618.55,2501.0675,2545.411
01-AUG-16,2698,2510.8775,2548.73
02-AUG-16,2692.1,2520.7425,2552.738
03-AUG-16,2656.25,2529.42,2556.513
04-AUG-16,2652.65,2540.6,2559.032
05-AUG-16,2648.9,2551.77,2560.954
08-AUG-16,2651.9,2561.1825,2562.551
09-AUG-16,2650.55,2570.635,2562.855
10-AUG-16,2673.9,2579.76,2564.831
11-AUG-16,2704.3,2588.96,2566.28
12-AUG-16,2732.35,2603.4825,2567.989
16-AUG-16,2691.45,2616.38,2569.201
17-AUG-16,2623.9,2624.4975,2569.452
18-AUG-16,2636.7,2631.67,2569.557
19-AUG-16,2603.95,2636.805,2569.414
22-AUG-16,2551.45,2638.92,2568.893
23-AUG-16,2603.2,2641.5025,2569.738
24-AUG-16,2571.9,2642.6825,2570.137
25-AUG-16,2550.1,2641.3825,2570.445
26-AUG-16,2529.15,2637.0625,2569.914
29-AUG-16,2501.6,2631.215,2568.804
30-AUG-16,2548.7,2623.75,2567.708
31-AUG-16,2512.55,2614.7725,2564.845
01-SEP-16,2507.6,2607.34,2562.051
02-SEP-16,2513.5,2600.3825,2559.011
06-SEP-16,2484.05,2592.14,2555.806
07-SEP-16,2447,2581.895,2553.332
08-SEP-16,2321.15,2565.425,2549.848
09-SEP-16,2352.5,2549.355,2547.662
12-SEP-16,2359.1,2532.095,2544.852
14-SEP-16,2328.55,2511.905,2540.407
15-SEP-16,2328.05,2493.735,2536.932
16-SEP-16,2361.15,2480.5975,2534.259
19-SEP-16,2407.35,2469.13,2532.752
20-SEP-16,2411.1,2459.4875,2532.393
21-SEP-16,2413.5,2452.59,2532.153
22-SEP-16,2377.65,2441.3125,2530.433
23-SEP-16,2397.3,2432.5825,2529.149
26-SEP-16,2400.85,2425.12,2527.338
27-SEP-16,2430.7,2420.1975,2525.546
28-SEP-16,2423.45,2416.29,2525.177
29-SEP-16,2434.6,2410.585,2525.199
30-SEP-16,2427.2,2406.3175,2524.512
03-OCT-16,2411.8,2401.5275,2522.883
04-OCT-16,2401.1,2395.9075,2520.88
05-OCT-16,2382.55,2390.8325,2518.348
06-OCT-16,2384.25,2387.695,2515.002
07-OCT-16,2368.25,2390.05,2511.401
10-OCT-16,2380.1,2391.43,2507.481
13-OCT-16,2328.5,2389.9,2501.74
14-OCT-16,2365.9,2391.7675,2496.687
17-OCT-16,2362.9,2393.51,2489.985
18-OCT-16,2398.3,2395.3675,2484.109
19-OCT-16,2394.2,2394.71,2478.868
20-OCT-16,2399.85,2394.1475,2473.812
21-OCT-16,2428.7,2394.9075,2469.408
24-OCT-16,2427.85,2397.4175,2464.927
25-OCT-16,2398.65,2397.485,2459.889
26-OCT-16,2396.95,2397.29,2454.35
27-OCT-16,2413.25,2396.4175,2448.529
28-OCT-16,2399.25,2395.2075,2441.867
30-OCT-16,2394.6,2393.2075,2435.93
01-NOV-16,2347.7,2389.2325,2430.406
02-NOV-16,2304.45,2383.865,2423.761
03-NOV-16,2319.95,2379.8075,2418.081
04-NOV-16,2330.1,2377.185,2413.654
07-NOV-16,2279.35,2371.94,2407.177
08-NOV-16,2283.7,2367.7125,2401.413
09-NOV-16,2171.05,2357.26,2393.832
10-NOV-16,2158.05,2348.7375,2386.41
11-NOV-16,2105.05,2335.695,2378.479
15-NOV-16,2122.1,2323.655,2369.947
16-NOV-16,2190.25,2313.2525,2363.501
17-NOV-16,2142.15,2300.65,2356.192
18-NOV-16,2123.15,2286.815,2348.385
21-NOV-16,2132.55,2272.0075,2341.355
22-NOV-16,2134.3,2257.33,2335.101
23-NOV-16,2156.7,2245.2325,2331.812
24-NOV-16,2186.5,2234.71,2328.492
25-NOV-16,2300.85,2229.09,2327.327
28-NOV-16,2277.3,2222.9925,2326.302
29-NOV-16,2258.4,2216.1825,2324.909
30-NOV-16,2276.75,2212.635,2323.221
01-DEC-16,2266.45,2210.735,2320.403
02-DEC-16,2223.9,2205.9325,2316.659
05-DEC-16,2186.45,2198.75,2312.118
06-DEC-16,2190.45,2194.305,2308.374
07-DEC-16,2158.2,2188.03,2303.592
08-DEC-16,2196.9,2189.3225,2299.513
09-DEC-16,2193.45,2191.0925,2294.768
12-DEC-16,2206.25,2196.1525,2290.424
13-DEC-16,2200.85,2200.09,2285.749
14-DEC-16,2207.9,2200.9725,2281.363
15-DEC-16,2259.5,2206.84,2278.317
16-DEC-16,2281.75,2214.77,2275.93
19-DEC-16,2287.5,2222.5175,2274.029
20-DEC-16,2337.75,2232.69,2273.099
21-DEC-16,2312.75,2240.4925,2271.989
22-DEC-16,2309.85,2246.66,2270.584
23-DEC-16,2290.2,2246.1275,2269.818
26-DEC-16,2292.1,2246.8675,2268.342
27-DEC-16,2321.85,2250.04,2267.521
28-DEC-16,2315.8,2251.9925,2265.871
29-DEC-16,2350.75,2256.2075,2265.002
30-DEC-16,2361.95,2263.11,2264.244
02-JAN-17,2359.05,2271.74,2262.851
03-JAN-17,2368.5,2280.6425,2261.664
04-JAN-17,2378.55,2291.66,2261.262
05-JAN-17,2334.55,2298.5425,2260.014
06-JAN-17,2283.6,2303.05,2257.421
09-JAN-17,2303.75,2307.925,2255.511
10-JAN-17,2315.45,2313.655,2253.928
11-JAN-17,2323.05,2319.4125,2253.435
12-JAN-17,2343.3,2323.6025,2254.212
13-JAN-17,2252,2322.115,2252.853
16-JAN-17,2258.55,2320.6675,2251.422
17-JAN-17,2277.65,2317.6625,2251.388
18-JAN-17,2295,2316.775,2251.614
19-JAN-17,2290.3,2315.7975,2253.999
20-JAN-17,2287.45,2315.66,2256.587
23-JAN-17,2305.7,2316.34,2260.6
24-JAN-17,2318,2316.1475,2264.518
25-JAN-17,2352.7,2317.9925,2267.767
27-JAN-17,2358.05,2318.3575,2272.085
30-JAN-17,2334.2,2316.97,2276.306
31-JAN-17,2229.9,2310.5125,2278.253
01-FEB-17,2169.45,2300.56,2278.956
02-FEB-17,2205.8,2291.9225,2279.938
03-FEB-17,2233.75,2286.8825,2280.883
06-FEB-17,2240.55,2284.73,2279.677
07-FEB-17,2244.8,2281.7825,2279.027
08-FEB-17,2262.65,2279.1425,2279.112
09-FEB-17,2324.25,2279.2025,2280.062
10-FEB-17,2396.7,2281.8725,2282.667
13-FEB-17,2410.3,2289.7875,2286.395
14-FEB-17,2402.95,2297.0075,2290.725
15-FEB-17,2415.7,2303.91,2295.23
16-FEB-17,2446.9,2311.505,2301.004
17-FEB-17,2408.15,2317.3975,2305.229
20-FEB-17,2506.5,2328.35,2311.49
21-FEB-17,2464.3,2336.28,2316.651
22-FEB-17,2409.55,2340.8575,2320.825
23-FEB-17,2481.65,2347.305,2326.3
27-FEB-17,2488.9,2353.8475,2330.888
28-FEB-17,2466.5,2360.4625,2334.583
01-MAR-17,2480.05,2372.97,2338.434
02-MAR-17,2501.15,2389.555,2341.702
03-MAR-17,2492.35,2403.8825,2345.294
06-MAR-17,2470.65,2415.7275,2348.51
07-MAR-17,2500.7,2428.735,2352.72
08-MAR-17,2513.9,2442.19,2357.156
09-MAR-17,2519.55,2455.035,2361.11
10-MAR-17,2541.8,2465.9125,2365.63
14-MAR-17,2562.35,2474.195,2369.862
15-MAR-17,2500.3,2478.695,2372.629
16-MAR-17,2518.95,2484.495,2375.827
17-MAR-17,2526.85,2490.0525,2378.994
20-MAR-17,2480.8,2491.7475,2381.039
21-MAR-17,2486.15,2495.6475,2384.071
22-MAR-17,2479.1,2494.2775,2387.981
23-MAR-17,2458.9,2494.0075,2391.084
24-MAR-17,2426.75,2494.8675,2393.31
27-MAR-17,2412.1,2491.39,2395.091
28-MAR-17,2429.85,2488.4375,2396.822
29-MAR-17,2443.75,2487.3,2400.657
30-MAR-17,2443.75,2485.485,2404.361
31-MAR-17,2431.1,2481.9825,2407.43
03-APR-17,2413.3,2478.03,2409.796
05-APR-17,2402.85,2474.64,2412.047
06-APR-17,2399.75,2469.5925,2414.293
07-APR-17,2427.1,2465.2525,2416.721
10-APR-17,2421.15,2460.3325,2418.784
11-APR-17,2420.8,2454.2825,2420.146
12-APR-17,2394.2,2445.875,2420.869
13-APR-17,2327.85,2437.2525,2420.742
17-APR-17,2320.85,2427.3475,2422.561
18-APR-17,2308.65,2416.4375,2425.345
19-APR-17,2301.75,2407.485,2427.264
20-APR-17,2328.35,2399.595,2429.156
21-APR-17,2311.2,2391.2,2430.569
24-APR-17,2329.1,2384.71,2432.255
25-APR-17,2311.3,2378.9375,2433.228
26-APR-17,2310.45,2373.855,2432.952
27-APR-17,2301.4,2367.4325,2431.046
28-APR-17,2272.1,2358.85,2428.282
02-MAY-17,2291.95,2351.26,2426.062
03-MAY-17,2337.4,2346.575,2424.496
04-MAY-17,2327.1,2342.265,2422.1
05-MAY-17,2319.95,2338.12,2420.336
08-MAY-17,2341.9,2335.2275,2417.044
09-MAY-17,2352.75,2331.51,2414.813
10-MAY-17,2332.5,2327.0775,2413.272
11-MAY-17,2351.25,2323.6,2410.664
12-MAY-17,2359.5,2321.865,2408.076
15-MAY-17,2364.4,2323.6925,2406.034
16-MAY-17,2427.25,2329.0125,2404.978
17-MAY-17,2451.35,2336.1475,2403.982
18-MAY-17,2534.1,2347.765,2404.817
19-MAY-17,2506.8,2356.6875,2405.54
22-MAY-17,2529.3,2367.5925,2406.112
23-MAY-17,2520.45,2377.16,2406.243
24-MAY-17,2557.8,2389.485,2407.008
25-MAY-17,2619.95,2404.96,2408.571
26-MAY-17,2579.3,2418.855,2408.91
29-MAY-17,2571.5,2433.825,2410.334
30-MAY-17,2551.7,2446.8125,2410.989
31-MAY-17,2544.35,2457.16,2411.339
01-JUN-17,2550.85,2468.3475,2412.74
02-JUN-17,2561.85,2480.4425,2414.254
05-JUN-17,2601.05,2493.4,2416.693
06-JUN-17,2695.4,2510.5325,2421.423
07-JUN-17,2615.35,2524.675,2425.195
08-JUN-17,2521.5,2533.1875,2427.383
09-JUN-17,2510.25,2540.725,2428.991
12-JUN-17,2489.9,2547,2429.914
13-JUN-17,2453.4,2548.3075,2430.107
14-JUN-17,2470.8,2549.28,2430.901
15-JUN-17,2411.1,2543.13,2430.857
16-JUN-17,2397.45,2537.6625,2430.749
19-JUN-17,2431.9,2532.7925,2431.392
20-JUN-17,2441.5,2528.845,2431.68
21-JUN-17,2406.05,2521.2575,2431.378
22-JUN-17,2395.75,2510.0475,2430.877
23-JUN-17,2360.65,2499.115,2430.206
27-JUN-17,2345.9,2487.835,2430.567
28-JUN-17,2351.2,2477.81,2431.174
29-JUN-17,2334.65,2467.325,2431.694
30-JUN-17,2364.35,2458,2432.946
03-JUL-17,2373.4,2448.5775,2433.847
04-JUL-17,2364,2436.725,2434.903
05-JUL-17,2357.75,2419.8425,2435.476
06-JUL-17,2344.8,2406.315,2436.146
07-JUL-17,2332.2,2396.85,2436.581
10-JUL-17,2440.85,2393.38,2439.37
11-JUL-17,2471.9,2392.48,2443.366
12-JUL-17,2439.1,2391.765,2446.309
13-JUL-17,2444.05,2390.4275,2448.442
14-JUL-17,2398.8,2389.8125,2449.876
17-JUL-17,2395.7,2389.725,2451.391
18-JUL-17,2405.25,2388.3925,2452.658
19-JUL-17,2450.45,2388.84,2454.612
20-JUL-17,2445.2,2390.7975,2456.866
21-JUL-17,2490.9,2395.555,2459.659
24-JUL-17,2532.65,2404.155,2463.122
25-JUL-17,2570.65,2415.3925,2467.247
26-JUL-17,2554.8,2425.5725,2469.798
27-JUL-17,2484.35,2433.0575,2470.458
28-JUL-17,2482.75,2438.9775,2469.431
31-JUL-17,2494.05,2445.01,2469.176
01-AUG-17,2499.95,2451.8075,2468.589
02-AUG-17,2467.35,2457.2875,2467.527
03-AUG-17,2489.55,2464.525,2466.162
04-AUG-17,2522.75,2474.0525,2464.218
07-AUG-17,2504.6,2477.24,2462.724
08-AUG-17,2497.8,2478.535,2461.25
09-AUG-17,2501.95,2481.6775,2460.255
10-AUG-17,2511.25,2485.0375,2459.593
11-AUG-17,2494,2489.7975,2458.456
14-AUG-17,2469.15,2493.47,2456.602
16-AUG-17,2491.05,2497.76,2454.402
17-AUG-17,2480.15,2499.245,2450.097
18-AUG-17,2512.85,2502.6275,2448.047
21-AUG-17,2521.4,2504.1525,2448.045
22-AUG-17,2496.05,2502.3225,2447.761
23-AUG-17,2493,2498.44,2447.823
24-AUG-17,2495.3,2495.465,2448.661
28-AUG-17,2485.85,2495.54,2448.962
29-AUG-17,2474.95,2495.15,2450.239
30-AUG-17,2486.75,2494.785,2452.025
31-AUG-17,2496.75,2494.625,2453.322
01-SEP-17,2463.2,2494.4175,2453.756
04-SEP-17,2457.8,2492.83,2454.791
05-SEP-17,2477.65,2490.575,2456.429
06-SEP-17,2456.45,2488.1675,2458.345
07-SEP-17,2458.95,2486.225,2460.606
08-SEP-17,2470.15,2484.635,2462.985
11-SEP-17,2463.55,2482.25,2465.563
12-SEP-17,2486.8,2481.89,2468.012
13-SEP-17,2488.1,2482.8375,2470.306
14-SEP-17,2485.05,2482.5375,2472.727
15-SEP-17,2498.55,2483.4575,2475.543
18-SEP-17,2499.05,2482.7675,2478.628
19-SEP-17,2498.3,2481.6125,2481.95
20-SEP-17,2492.4,2481.43,2482.981
21-SEP-17,2525.85,2483.0725,2484.06
22-SEP-17,2502.35,2483.425,2485.325
25-SEP-17,2508.2,2484.5425,2486.608
26-SEP-17,2474.9,2484.54,2488.13
27-SEP-17,2490.15,2484.71,2490.019
28-SEP-17,2478.45,2483.795,2491.483
29-SEP-17,2437,2482.485,2491.214
03-OCT-17,2447.05,2481.9475,2491.251
04-OCT-17,2442.55,2480.1925,2490.284
05-OCT-17,2430.15,2478.8775,2488.234
06-OCT-17,2445.15,2478.1875,2485.724
09-OCT-17,2452.55,2477.3075,2483.679
10-OCT-17,2459.55,2477.1075,2483.183
11-OCT-17,2500.5,2477.7925,2483.538
12-OCT-17,2548.55,2480.815,2484.628
13-OCT-17,2556.75,2484.4,2485.764
16-OCT-17,2585.1,2488.7275,2488.119
17-OCT-17,2594.85,2493.5175,2490.225
18-OCT-17,2589.05,2498.055,2491.551
19-OCT-17,2580.95,2502.4825,2493.078
23-OCT-17,2585.95,2505.4875,2494.841
24-OCT-17,2580.6,2509.4,2496.414
25-OCT-17,2561.75,2512.0775,2497.424
26-OCT-17,2543,2515.4825,2498.404
27-OCT-17,2579.2,2519.935,2500.605
30-OCT-17,2613,2526.6625,2503.044
31-OCT-17,2616.3,2535.6275,2505.767
01-NOV-17,2602.5,2543.4,2507.56
02-NOV-17,2625.8,2552.5625,2509.648
03-NOV-17,2612.7,2561.69,2511.981
06-NOV-17,2667,2572.7825,2515.461
07-NOV-17,2708.35,2585.5725,2519.722
08-NOV-17,2730.45,2599.1175,2524.614
09-NOV-17,2733.85,2610.785,2529.792
10-NOV-17,2703.3,2618.5225,2534.123
13-NOV-17,2758.9,2628.63,2539.366
14-NOV-17,2716.75,2635.2125,2544.437
15-NOV-17,2706.15,2640.7775,2549.404
16-NOV-17,2746.6,2648.655,2554.783
17-NOV-17,2710.1,2655.1125,2559.856
20-NOV-17,2704.65,2661.0475,2564.77
21-NOV-17,2676.65,2665.85,2568.9
22-NOV-17,2683.2,2671.9225,2573.293
23-NOV-17,2682.75,2678.91,2577.212
24-NOV-17,2688.75,2684.3875,2581.225
27-NOV-17,2687.05,2688.09,2585.265
28-NOV-17,2684.9,2691.52,2588.992
29-NOV-17,2658.55,2694.3225,2592.182
30-NOV-17,2634.25,2694.745,2594.901
01-DEC-17,2630.55,2695.6375,2597.664
04-DEC-17,2633.35,2693.955,2599.814
05-DEC-17,2633.8,2690.2275,2602.443
06-DEC-17,2631.45,2685.2775,2604.908
07-DEC-17,2617.65,2679.4675,2607.763
08-DEC-17,2601,2674.3525,2609.98
11-DEC-17,2656,2669.2075,2613.531
12-DEC-17,2614.15,2664.0775,2617.074
13-DEC-17,2627.3,2660.135,2620.679
14-DEC-17,2558.55,2650.7325,2622.999
15-DEC-17,2547.85,2642.62,2625.353
18-DEC-17,2577,2636.2375,2627.99
19-DEC-17,2575.05,2631.1575,2630.44
20-DEC-17,2588,2626.3975,2633.009
21-DEC-17,2594.1,2621.965,2634.881
22-DEC-17,2639.8,2619.5175,2636.706
26-DEC-17,2642.8,2617.305,2638.427
27-DEC-17,2621.05,2614.1125,2639.146
28-DEC-17,2628.85,2612.6275,2639.826
29-DEC-17,2700.4,2615.935,2642.053
01-JAN-18,2654.65,2617.14,2643.527
02-JAN-18,2633.75,2617.16,2644.483
03-JAN-18,2635.2,2617.23,2645.575
04-JAN-18,2649.8,2618.1475,2647.336
05-JAN-18,2684.45,2621.4875,2650.165
08-JAN-18,2707.75,2626.825,2652.736
09-JAN-18,2708.45,2629.4475,2654.645
10-JAN-18,2807.1,2639.095,2658.461
11-JAN-18,2788.4,2647.15,2662.179
12-JAN-18,2772.9,2657.8675,2665.121
15-JAN-18,2747.2,2667.835,2667.811
16-JAN-18,2850.85,2681.5275,2671.488
17-JAN-18,2889.45,2697.2475,2675.11
18-JAN-18,2910.1,2713.3525,2678.703
19-JAN-18,2954.75,2731.385,2683.121
22-JAN-18,3113.15,2755.0525,2691.318
23-JAN-18,3103.1,2778.0675,2698.202
24-JAN-18,3174.6,2805.745,2707.359
25-JAN-18,3117.85,2830.195,2715.593
29-JAN-18,3195.1,2854.93,2724.563
30-JAN-18,3153.7,2879.8825,2733.435
31-JAN-18,3111.75,2903.7825,2741.577
01-FEB-18,3138.9,2928.9675,2750.822
02-FEB-18,3149.15,2953.935,2760.141
05-FEB-18,3106.5,2975.0375,2768.616
06-FEB-18,2995.35,2989.4175,2774.748
07-FEB-18,2955.35,3001.7625,2780.114
08-FEB-18,2966.25,3009.72,2785.741
09-FEB-18,2972.3,3018.915,2792.016
12-FEB-18,2967.9,3028.665,2798.689
14-FEB-18,2910.45,3036.8275,2804.287
15-FEB-18,2925.75,3040.5725,2810.135
16-FEB-18,2937.2,3042.96,2816.203
19-FEB-18,2924.55,3043.6825,2822.065
20-FEB-18,2945.05,3043.1975,2828.613
21-FEB-18,3043.05,3039.6925,2837.454
22-FEB-18,3040.4,3036.5575,2845.142
23-FEB-18,3076.9,3031.6725,2854.397
26-FEB-18,3035.25,3027.5425,2862.556
27-FEB-18,3043.25,3019.95,2872.25
28-FEB-18,3038.25,3014.1775,2882.058
01-MAR-18,3037.1,3010.445,2891.26
05-MAR-18,3104.3,3008.715,2901.845
06-MAR-18,3049.8,3003.7475,2911.081
07-MAR-18,3029.25,2999.885,2919.784
08-MAR-18,3001.5,3000.1925,2927.018
09-MAR-18,3034.5,3004.15,2934.852
12-MAR-18,3051.85,3008.43,2943.468
13-MAR-18,2892.45,3004.4375,2948.74
14-MAR-18,2886.1,3000.3475,2952.454
15-MAR-18,2869.15,2998.2825,2956.744
16-MAR-18,2825.5,2993.27,2960.579
19-MAR-18,2828.85,2987.8525,2964.452
20-MAR-18,2859.15,2984.5825,2968.639
21-MAR-18,2854.6,2980.06,2972.042
22-MAR-18,2829.95,2969.405,2974.486
23-MAR-18,2816.45,2958.2075,2976.646
26-MAR-18,2813.05,2945.015,2976.765
27-MAR-18,2841.85,2935.345,2977.834
28-MAR-18,2849.3,2925.6475,2979.362
02-APR-18,2902.9,2918.88,2982.476
03-APR-18,2908.1,2912.43,2983.621
04-APR-18,2907.05,2902.5675,2983.973
05-APR-18,2957.15,2897.935,2984.914
06-APR-18,2949.7,2893.9575,2984.813
09-APR-18,2921.15,2889.94,2980.973
10-APR-18,2931.85,2884.8075,2977.548
11-APR-18,3015.5,2882.99,2974.366
12-APR-18,3137.3,2895.2325,2974.755
13-APR-18,3151,2908.4775,2973.873
16-APR-18,3184.8,2924.26,2974.495
17-APR-18,3165.9,2941.28,2975.578
18-APR-18,3159.5,2957.8125,2975.99
19-APR-18,3190.65,2974.3875,2976.82
20-APR-18,3406.4,3001.9775,2982.818
23-APR-18,3415.2,3031.24,2991.215
24-APR-18,3385.65,3059.7,2999.821
25-APR-18,3467.9,3092.4425,3009.854
26-APR-18,3540.35,3127.3675,3021.215
27-APR-18,3454.8,3157.6425,3030.953
30-APR-18,3531.4,3189.0675,3043.372
02-MAY-18,3497.8,3218.5525,3054.813
03-MAY-18,3482.65,3247.3325,3065.722
04-MAY-18,3480.85,3273.5175,3076.848
07-MAY-18,3427.7,3297.4175,3086.501
08-MAY-18,3441.05,3323.4125,3094.461
09-MAY-18,3489.05,3351.2725,3103.434
10-MAY-18,3452.75,3373.135,3110.951
11-MAY-18,3460.6,3389.3,3119.458
14-MAY-18,3436.75,3403.5875,3127.328
15-MAY-18,3482.45,3418.47,3136.212
16-MAY-18,3495.55,3434.9525,3145.381
17-MAY-18,3492.7,3451.6125,3153.149
18-MAY-18,3502.35,3467.1975,3162.2
21-MAY-18,3557.95,3474.775,3172.774
22-MAY-18,3508.05,3479.4175,3182.905
23-MAY-18,3497.05,3484.9875,3192.156
24-MAY-18,3604.8,3491.8325,3203.215
25-MAY-18,3589.45,3494.2875,3217.155
28-MAY-18,3503.8,3496.7375,3229.509
29-MAY-18,3522.7,3496.3025,3242.58
30-MAY-18,3517.75,3497.3,3256.425
31-MAY-18,1744.8,3410.4075,3234.744
01-JUN-18,1732.25,3322.9775,3212.206
04-JUN-18,1744.55,3238.82,3190.005
05-JUN-18,1721.2,3152.8275,3167.83
06-JUN-18,1727.25,3064.7375,3146.046
07-JUN-18,1734.6,2978.83,3124.477
08-JUN-18,1748.2,2893.21,3102.604
11-JUN-18,1750.6,2808.9025,3080.63
12-JUN-18,1781,2723.83,3058.192
13-JUN-18,1824.2,2640.2625,3036.514
14-JUN-18,1792.25,2555.24,3014.218
15-JUN-18,1841.45,2472.195,2991.904
18-JUN-18,1830.7,2385.8325,2969.524
19-JUN-18,1825.85,2301.7225,2947.618
20-JUN-18,1826.3,2218.185,2925.507
21-JUN-18,1819.85,2128.9375,2901.594
22-JUN-18,1811.8,2040.055,2875.084
25-JUN-18,1820.45,1955.8875,2848.473
26-JUN-18,1852.7,1872.3875,2821.831
27-JUN-18,1859.8,1789.49,2795.709
28-JUN-18,1847.3,1794.615,2769.465
29-JUN-18,1847.2,1800.3625,2742.596
02-JUL-18,1855.6,1805.915,2711.58
03-JUL-18,1875.9,1813.65,2680.794
04-JUL-18,1869.65,1820.77,2650.474
05-JUL-18,1881.7,1828.125,2618.75
06-JUL-18,1913.3,1836.38,2586.209
09-JUL-18,1887.65,1843.2325,2554.866
10-JUL-18,1877,1848.0325,2521.778
11-JUL-18,1979.6,1855.8025,2491.414
12-JUL-18,1971,1864.74,2461.181
13-JUL-18,1981.25,1871.73,2431.189
16-JUL-18,1988.8,1879.635,2402.411
17-JUL-18,1997.85,1888.235,2373.547
18-JUL-18,1997.3,1896.785,2343.712
19-JUL-18,1981.45,1904.865,2314.286
20-JUL-18,1995.95,1914.0725,2284.993
23-JUL-18,2005.05,1923.3025,2256.359
24-JUL-18,1996.85,1930.51,2226.647
25-JUL-18,1979.4,1936.49,2196.324
26-JUL-18,1963.3,1942.29,2165.736
27-JUL-18,1943.1,1947.085,2134.551
30-JUL-18,1944.95,1951.5525,2102.291
31-JUL-18,1941.25,1954.82,2070.955
